-- Overwatch Stadium Database Full Dump
-- Generated at 2025-12-23T06:39:47.8362937Z
-- Note: This script is designed to be compatible with SQLite, PostgreSQL, SQL Server, and MySQL (with ANSI_QUOTES enabled).

-- SQL Server: Enable Identity Insert
/*
SET IDENTITY_INSERT "Heroes" ON;
SET IDENTITY_INSERT "Items" ON;
SET IDENTITY_INSERT "HeroExclusives" ON;
SET IDENTITY_INSERT "Buffs" ON;
SET IDENTITY_INSERT "ItemBuffs" ON;
*/

-- MySQL: Enable ANSI Quotes
/*!40101 SET @OLD_SQL_MODE=@@SQL_MODE, SQL_MODE='ANSI_QUOTES' */;

-- Table: Heroes
INSERT INTO "Heroes" ("Id", "Name") VALUES (1, 'Ana/Stadium');
INSERT INTO "Heroes" ("Id", "Name") VALUES (2, 'Ashe/Stadium');
INSERT INTO "Heroes" ("Id", "Name") VALUES (3, 'Brigitte/Stadium');
INSERT INTO "Heroes" ("Id", "Name") VALUES (4, 'Cassidy/Stadium');
INSERT INTO "Heroes" ("Id", "Name") VALUES (5, 'D.Va/Stadium');
INSERT INTO "Heroes" ("Id", "Name") VALUES (6, 'Doomfist/Stadium');
INSERT INTO "Heroes" ("Id", "Name") VALUES (7, 'Freja/Stadium');
INSERT INTO "Heroes" ("Id", "Name") VALUES (8, 'Genji/Stadium');
INSERT INTO "Heroes" ("Id", "Name") VALUES (9, 'Hazard/Stadium');
INSERT INTO "Heroes" ("Id", "Name") VALUES (10, 'Junker Queen/Stadium');
INSERT INTO "Heroes" ("Id", "Name") VALUES (11, 'Junkrat/Stadium');
INSERT INTO "Heroes" ("Id", "Name") VALUES (12, 'Juno/Stadium');
INSERT INTO "Heroes" ("Id", "Name") VALUES (13, 'Kiriko/Stadium');
INSERT INTO "Heroes" ("Id", "Name") VALUES (14, 'Lúcio/Stadium');
INSERT INTO "Heroes" ("Id", "Name") VALUES (15, 'Mei/Stadium');
INSERT INTO "Heroes" ("Id", "Name") VALUES (16, 'Mercy/Stadium');
INSERT INTO "Heroes" ("Id", "Name") VALUES (17, 'Moira/Stadium');
INSERT INTO "Heroes" ("Id", "Name") VALUES (18, 'Orisa/Stadium');
INSERT INTO "Heroes" ("Id", "Name") VALUES (19, 'Pharah/Stadium');
INSERT INTO "Heroes" ("Id", "Name") VALUES (20, 'Reaper/Stadium');
INSERT INTO "Heroes" ("Id", "Name") VALUES (21, 'Reinhardt/Stadium');
INSERT INTO "Heroes" ("Id", "Name") VALUES (22, 'Sigma/Stadium');
INSERT INTO "Heroes" ("Id", "Name") VALUES (23, 'Sojourn/Stadium');
INSERT INTO "Heroes" ("Id", "Name") VALUES (24, 'Soldier: 76/Stadium');
INSERT INTO "Heroes" ("Id", "Name") VALUES (25, 'Torbjörn/Stadium');
INSERT INTO "Heroes" ("Id", "Name") VALUES (26, 'Tracer/Stadium');
INSERT INTO "Heroes" ("Id", "Name") VALUES (27, 'Winston/Stadium');
INSERT INTO "Heroes" ("Id", "Name") VALUES (28, 'Wuyang/Stadium');
INSERT INTO "Heroes" ("Id", "Name") VALUES (29, 'Zarya/Stadium');
INSERT INTO "Heroes" ("Id", "Name") VALUES (30, 'Zenyatta/Stadium');

-- Table: Items
INSERT INTO "Items" ("Id", "Name", "ImageUri", "Type", "Cost", "Rarity", "Description") VALUES (1, 'Compensator', 'data:image/gif;base64,R0lGODlhAQABAIABAAAAAP///yH5BAEAAAEALAAAAAABAAEAQAICTAEAOw%3D%3D', 'General Item (Weapon)', '1000.0', 'Common', '');
INSERT INTO "Items" ("Id", "Name", "ImageUri", "Type", "Cost", "Rarity", "Description") VALUES (2, 'Plasma Converter', 'data:image/gif;base64,R0lGODlhAQABAIABAAAAAP///yH5BAEAAAEALAAAAAABAAEAQAICTAEAOw%3D%3D', 'General Item (Weapon)', '1000.0', 'Common', '');
INSERT INTO "Items" ("Id", "Name", "ImageUri", "Type", "Cost", "Rarity", "Description") VALUES (3, 'Weapon Grease', 'data:image/gif;base64,R0lGODlhAQABAIABAAAAAP///yH5BAEAAAEALAAAAAABAAEAQAICTAEAOw%3D%3D', 'General Item (Weapon)', '1000.0', 'Common', '');
INSERT INTO "Items" ("Id", "Name", "ImageUri", "Type", "Cost", "Rarity", "Description") VALUES (4, 'Ammo Reserves', 'data:image/gif;base64,R0lGODlhAQABAIABAAAAAP///yH5BAEAAAEALAAAAAABAAEAQAICTAEAOw%3D%3D', 'General Item (Weapon)', '1500.0', 'Common', '');
INSERT INTO "Items" ("Id", "Name", "ImageUri", "Type", "Cost", "Rarity", "Description") VALUES (5, 'Frenzy Amplifier', 'data:image/gif;base64,R0lGODlhAQABAIABAAAAAP///yH5BAEAAAEALAAAAAABAAEAQAICTAEAOw%3D%3D', 'General Item (Weapon)', '1500.0', 'Common', 'Eliminations grant 10% Attack Speed and 15% Move Speed for 3s.');
INSERT INTO "Items" ("Id", "Name", "ImageUri", "Type", "Cost", "Rarity", "Description") VALUES (6, 'Stratosphere Beacon', 'data:image/gif;base64,R0lGODlhAQABAIABAAAAAP///yH5BAEAAAEALAAAAAABAAEAQAICTAEAOw%3D%3D', 'General Item (Weapon)', '1500.0', 'Common', 'Damage to airborne targets above 3m deals 10 bonus damage and slows the enemy by 25% for 3s (15s Cooldown)');
INSERT INTO "Items" ("Id", "Name", "ImageUri", "Type", "Cost", "Rarity", "Description") VALUES (7, 'Aftermarket Firing Pin', 'data:image/gif;base64,R0lGODlhAQABAIABAAAAAP///yH5BAEAAAEALAAAAAABAAEAQAICTAEAOw%3D%3D', 'General Item (Weapon)', '3750.0', 'Rare', '');
INSERT INTO "Items" ("Id", "Name", "ImageUri", "Type", "Cost", "Rarity", "Description") VALUES (8, 'Advanced Nanobiotics', 'data:image/gif;base64,R0lGODlhAQABAIABAAAAAP///yH5BAEAAAEALAAAAAABAAEAQAICTAEAOw%3D%3D', 'General Item (Weapon)', '4000.0', 'Rare', 'After healing an ally, gain 10% Attack Speed for 3s.');
INSERT INTO "Items" ("Id", "Name", "ImageUri", "Type", "Cost", "Rarity", "Description") VALUES (9, 'Shieldbuster', 'data:image/gif;base64,R0lGODlhAQABAIABAAAAAP///yH5BAEAAAEALAAAAAABAAEAQAICTAEAOw%3D%3D', 'General Item (Weapon)', '4000.0', 'Rare', 'After dealing damage to Shields or Armor, gain 15% Attack Speed for 1s.');
INSERT INTO "Items" ("Id", "Name", "ImageUri", "Type", "Cost", "Rarity", "Description") VALUES (10, 'Stockpile', 'data:image/gif;base64,R0lGODlhAQABAIABAAAAAP///yH5BAEAAAEALAAAAAABAAEAQAICTAEAOw%3D%3D', 'General Item (Weapon)', '4000.0', 'Rare', '');
INSERT INTO "Items" ("Id", "Name", "ImageUri", "Type", "Cost", "Rarity", "Description") VALUES (11, 'Emergency Chip', 'data:image/gif;base64,R0lGODlhAQABAIABAAAAAP///yH5BAEAAAEALAAAAAABAAEAQAICTAEAOw%3D%3D', 'General Item (Weapon)', '4000.0', 'Rare', 'Once per life, when you are below 150 Life, gain 15% Weapon Lifesteal and 50 Overhealth for 5s');
INSERT INTO "Items" ("Id", "Name", "ImageUri", "Type", "Cost", "Rarity", "Description") VALUES (12, 'Technoleech', 'data:image/gif;base64,R0lGODlhAQABAIABAAAAAP///yH5BAEAAAEALAAAAAABAAEAQAICTAEAOw%3D%3D', 'General Item (Weapon)', '4500.0', 'Rare', '');
INSERT INTO "Items" ("Id", "Name", "ImageUri", "Type", "Cost", "Rarity", "Description") VALUES (13, 'Icy Coolant', 'data:image/gif;base64,R0lGODlhAQABAIABAAAAAP///yH5BAEAAAEALAAAAAABAAEAQAICTAEAOw%3D%3D', 'General Item (Weapon)', '5500.0', 'Rare', '');
INSERT INTO "Items" ("Id", "Name", "ImageUri", "Type", "Cost", "Rarity", "Description") VALUES (14, 'Talon Modification Module', 'data:image/gif;base64,R0lGODlhAQABAIABAAAAAP///yH5BAEAAAEALAAAAAABAAEAQAICTAEAOw%3D%3D', 'General Item (Weapon)', '6000.0', 'Rare', '');
INSERT INTO "Items" ("Id", "Name", "ImageUri", "Type", "Cost", "Rarity", "Description") VALUES (15, 'Aerial Distresser', 'data:image/gif;base64,R0lGODlhAQABAIABAAAAAP///yH5BAEAAAEALAAAAAABAAEAQAICTAEAOw%3D%3D', 'General Item (Weapon)', '9000.0', 'Epic', 'Weapon damage to airborne enemies deal 25% bonus damage over 3s.');
INSERT INTO "Items" ("Id", "Name", "ImageUri", "Type", "Cost", "Rarity", "Description") VALUES (16, 'Codebreaker', 'data:image/gif;base64,R0lGODlhAQABAIABAAAAAP///yH5BAEAAAEALAAAAAABAAEAQAICTAEAOw%3D%3D', 'General Item (Weapon)', '10000.0', 'Epic', 'Ignore 50% of Armor''s damage reduction.');
INSERT INTO "Items" ("Id", "Name", "ImageUri", "Type", "Cost", "Rarity", "Description") VALUES (17, 'Salvaged Slugs', 'data:image/gif;base64,R0lGODlhAQABAIABAAAAAP///yH5BAEAAAEALAAAAAABAAEAQAICTAEAOw%3D%3D', 'General Item (Weapon)', '9000.0', 'Epic', 'Dealing Weapon Damage to Barriers or Deployables has a 50% chance to restore 1 ammo.');
INSERT INTO "Items" ("Id", "Name", "ImageUri", "Type", "Cost", "Rarity", "Description") VALUES (18, 'Volskaya Ordnance', 'data:image/gif;base64,R0lGODlhAQABAIABAAAAAP///yH5BAEAAAEALAAAAAABAAEAQAICTAEAOw%3D%3D', 'General Item (Weapon)', '9500.0', 'Epic', 'Deal 5% increased Weapon Damage for every 100 Max Life the target has more than you, up to 25%.');
INSERT INTO "Items" ("Id", "Name", "ImageUri", "Type", "Cost", "Rarity", "Description") VALUES (19, 'Weapon Jammer', 'data:image/gif;base64,R0lGODlhAQABAIABAAAAAP///yH5BAEAAAEALAAAAAABAAEAQAICTAEAOw%3D%3D', 'General Item (Weapon)', '10000.0', 'Epic', 'Dealing Weapon Damage negates 10% of the target''s bonus Attack Speed and increases your Attack Speed by 10% for 2s.');
INSERT INTO "Items" ("Id", "Name", "ImageUri", "Type", "Cost", "Rarity", "Description") VALUES (20, 'Amari''s Antidote', 'data:image/gif;base64,R0lGODlhAQABAIABAAAAAP///yH5BAEAAAEALAAAAAABAAEAQAICTAEAOw%3D%3D', 'General Item (Weapon)', '11000.0', 'Epic', 'While healing an ally below 50% Life with your weapon, deal 15% increased Weapon Healing.');
INSERT INTO "Items" ("Id", "Name", "ImageUri", "Type", "Cost", "Rarity", "Description") VALUES (21, 'Commander''s Clip', 'data:image/gif;base64,R0lGODlhAQABAIABAAAAAP///yH5BAEAAAEALAAAAAABAAEAQAICTAEAOw%3D%3D', 'General Item (Weapon)', '10000.0', 'Epic', 'When you use an ability or Gadget, restore 10% of your Max Ammo.');
INSERT INTO "Items" ("Id", "Name", "ImageUri", "Type", "Cost", "Rarity", "Description") VALUES (22, 'Booster Jets', 'data:image/gif;base64,R0lGODlhAQABAIABAAAAAP///yH5BAEAAAEALAAAAAABAAEAQAICTAEAOw%3D%3D', 'General Item (Weapon)', '11000.0', 'Epic', 'When you use an ability or Gadget, gain 10% Move Speed for 2s.');
INSERT INTO "Items" ("Id", "Name", "ImageUri", "Type", "Cost", "Rarity", "Description") VALUES (23, 'El-Sa''ka Suppressor', 'data:image/gif;base64,R0lGODlhAQABAIABAAAAAP///yH5BAEAAAEALAAAAAABAAEAQAICTAEAOw%3D%3D', 'General Item (Weapon)', '11000.0', 'Epic', 'Critical Hits apply 30% Healing Reduction to the target for 2s.');
INSERT INTO "Items" ("Id", "Name", "ImageUri", "Type", "Cost", "Rarity", "Description") VALUES (24, 'Hardlight Accelerator', 'data:image/gif;base64,R0lGODlhAQABAIABAAAAAP///yH5BAEAAAEALAAAAAABAAEAQAICTAEAOw%3D%3D', 'General Item (Weapon)', '11000.0', 'Epic', 'When you use an ability or Gadget, gain 5% Weapon Power for 3s, stacking up to 3 times.');
INSERT INTO "Items" ("Id", "Name", "ImageUri", "Type", "Cost", "Rarity", "Description") VALUES (25, 'The Closer', 'data:image/gif;base64,R0lGODlhAQABAIABAAAAAP///yH5BAEAAAEALAAAAAABAAEAQAICTAEAOw%3D%3D', 'General Item (Weapon)', '14500.0', 'Epic', 'Critical Hits reveal the target for 3s.');
INSERT INTO "Items" ("Id", "Name", "ImageUri", "Type", "Cost", "Rarity", "Description") VALUES (26, 'Eye of the Spider', 'data:image/gif;base64,R0lGODlhAQABAIABAAAAAP///yH5BAEAAAEALAAAAAABAAEAQAICTAEAOw%3D%3D', 'General Item (Weapon)', '14000.0', 'Epic', 'Deal 10% increased damage to enemies below 30% Life.');
INSERT INTO "Items" ("Id", "Name", "ImageUri", "Type", "Cost", "Rarity", "Description") VALUES (27, 'Charged Plating', 'data:image/gif;base64,R0lGODlhAQABAIABAAAAAP///yH5BAEAAAEALAAAAAABAAEAQAICTAEAOw%3D%3D', 'General Item (Ability)', '1000.0', 'Common', 'After you spend your Ultimate Charge, gain 25 Armor and 10% Ability Power for the rest of the round.');
INSERT INTO "Items" ("Id", "Name", "ImageUri", "Type", "Cost", "Rarity", "Description") VALUES (28, 'Power Playbook', 'data:image/gif;base64,R0lGODlhAQABAIABAAAAAP///yH5BAEAAAEALAAAAAABAAEAQAICTAEAOw%3D%3D', 'General Item (Ability)', '1000.0', 'Common', '');
INSERT INTO "Items" ("Id", "Name", "ImageUri", "Type", "Cost", "Rarity", "Description") VALUES (29, 'Shady Spectacles', 'data:image/gif;base64,R0lGODlhAQABAIABAAAAAP///yH5BAEAAAEALAAAAAABAAEAQAICTAEAOw%3D%3D', 'General Item (Ability)', '1000.0', 'Common', '');
INSERT INTO "Items" ("Id", "Name", "ImageUri", "Type", "Cost", "Rarity", "Description") VALUES (30, 'Winning Attitude', 'data:image/gif;base64,R0lGODlhAQABAIABAAAAAP///yH5BAEAAAEALAAAAAABAAEAQAICTAEAOw%3D%3D', 'General Item (Ability)', '1500.0', 'Common', 'When you die, gain 15% Ultimate Charge.');
INSERT INTO "Items" ("Id", "Name", "ImageUri", "Type", "Cost", "Rarity", "Description") VALUES (31, 'Custom Stock', 'data:image/gif;base64,R0lGODlhAQABAIABAAAAAP///yH5BAEAAAEALAAAAAABAAEAQAICTAEAOw%3D%3D', 'General Item (Ability)', '3750.0', 'Rare', '');
INSERT INTO "Items" ("Id", "Name", "ImageUri", "Type", "Cost", "Rarity", "Description") VALUES (32, 'Biolight Overflow', 'data:image/gif;base64,R0lGODlhAQABAIABAAAAAP///yH5BAEAAAEALAAAAAABAAEAQAICTAEAOw%3D%3D', 'General Item (Ability)', '4000.0', 'Rare', 'When you spend your Ultimate Charge, cleanse yourself and grant nearby allies 75 Overhealth for 3s.');
INSERT INTO "Items" ("Id", "Name", "ImageUri", "Type", "Cost", "Rarity", "Description") VALUES (33, 'Energized Bracers', 'data:image/gif;base64,R0lGODlhAQABAIABAAAAAP///yH5BAEAAAEALAAAAAABAAEAQAICTAEAOw%3D%3D', 'General Item (Ability)', '4000.0', 'Rare', '');
INSERT INTO "Items" ("Id", "Name", "ImageUri", "Type", "Cost", "Rarity", "Description") VALUES (34, 'Junker Whatchamajig', 'data:image/gif;base64,R0lGODlhAQABAIABAAAAAP///yH5BAEAAAEALAAAAAABAAEAQAICTAEAOw%3D%3D', 'General Item (Ability)', '4000.0', 'Rare', '');
INSERT INTO "Items" ("Id", "Name", "ImageUri", "Type", "Cost", "Rarity", "Description") VALUES (35, 'Skyline Nanites', 'data:image/gif;base64,R0lGODlhAQABAIABAAAAAP///yH5BAEAAAEALAAAAAABAAEAQAICTAEAOw%3D%3D', 'General Item (Ability)', '4000.0', 'Rare', 'Ability damage to airborne enemies deal 20% bonus damage over 2s');
INSERT INTO "Items" ("Id", "Name", "ImageUri", "Type", "Cost", "Rarity", "Description") VALUES (36, 'Wrist Wraps', 'data:image/gif;base64,R0lGODlhAQABAIABAAAAAP///yH5BAEAAAEALAAAAAABAAEAQAICTAEAOw%3D%3D', 'General Item (Ability)', '4000.0', 'Rare', '');
INSERT INTO "Items" ("Id", "Name", "ImageUri", "Type", "Cost", "Rarity", "Description") VALUES (37, 'Multi-Tool', 'data:image/gif;base64,R0lGODlhAQABAIABAAAAAP///yH5BAEAAAEALAAAAAABAAEAQAICTAEAOw%3D%3D', 'General Item (Ability)', '4500.0', 'Rare', '');
INSERT INTO "Items" ("Id", "Name", "ImageUri", "Type", "Cost", "Rarity", "Description") VALUES (38, 'Vitality Amplifier', 'data:image/gif;base64,R0lGODlhAQABAIABAAAAAP///yH5BAEAAAEALAAAAAABAAEAQAICTAEAOw%3D%3D', 'General Item (Ability)', '5000.0', 'Rare', 'While above 50% Life gain 10% Ability Power.
Otherwise, gain 15% Ability Lifesteal and abilities refresh 10% faster.');
INSERT INTO "Items" ("Id", "Name", "ImageUri", "Type", "Cost", "Rarity", "Description") VALUES (39, 'Nano Cola', 'data:image/gif;base64,R0lGODlhAQABAIABAAAAAP///yH5BAEAAAEALAAAAAABAAEAQAICTAEAOw%3D%3D', 'General Item (Ability)', '5500.0', 'Rare', '');
INSERT INTO "Items" ("Id", "Name", "ImageUri", "Type", "Cost", "Rarity", "Description") VALUES (40, 'Sonic Recharger', 'data:image/gif;base64,R0lGODlhAQABAIABAAAAAP///yH5BAEAAAEALAAAAAABAAEAQAICTAEAOw%3D%3D', 'General Item (Ability)', '9000.0', 'Epic', 'Passive Life Regeneration can overheal up to 75.');
INSERT INTO "Items" ("Id", "Name", "ImageUri", "Type", "Cost", "Rarity", "Description") VALUES (41, 'Biotech Maximizer', 'data:image/gif;base64,R0lGODlhAQABAIABAAAAAP///yH5BAEAAAEALAAAAAABAAEAQAICTAEAOw%3D%3D', 'General Item (Ability)', '10000.0', 'Epic', 'When you use an ability that heals, reduce its cooldown by 5% for each unique ally it heals.');
INSERT INTO "Items" ("Id", "Name", "ImageUri", "Type", "Cost", "Rarity", "Description") VALUES (42, 'Catalytic Crystal', 'data:image/gif;base64,R0lGODlhAQABAIABAAAAAP///yH5BAEAAAEALAAAAAABAAEAQAICTAEAOw%3D%3D', 'General Item (Ability)', '10000.0', 'Epic', 'Ability Damage and Healing grants 20% more Ultimate Charge.');
INSERT INTO "Items" ("Id", "Name", "ImageUri", "Type", "Cost", "Rarity", "Description") VALUES (43, 'Lumérico Fusion Drive', 'data:image/gif;base64,R0lGODlhAQABAIABAAAAAP///yH5BAEAAAEALAAAAAABAAEAQAICTAEAOw%3D%3D', 'General Item (Ability)', '11000.0', 'Epic', 'When you use an ability or Gadget, restore 50 Armor or Shields over 3s.');
INSERT INTO "Items" ("Id", "Name", "ImageUri", "Type", "Cost", "Rarity", "Description") VALUES (44, 'Superflexor', 'data:image/gif;base64,R0lGODlhAQABAIABAAAAAP///yH5BAEAAAEALAAAAAABAAEAQAICTAEAOw%3D%3D', 'General Item (Ability)', '10000.0', 'Epic', 'When you deal Weapon Damage or Healing, gain 5% Ability Power for 3s, stacking up to 5 times.');
INSERT INTO "Items" ("Id", "Name", "ImageUri", "Type", "Cost", "Rarity", "Description") VALUES (45, 'Cybervenom', 'data:image/gif;base64,R0lGODlhAQABAIABAAAAAP///yH5BAEAAAEALAAAAAABAAEAQAICTAEAOw%3D%3D', 'General Item (Ability)', '10500.0', 'Epic', 'Dealing Ability damage applies 30% healing reduction for 2s.');
INSERT INTO "Items" ("Id", "Name", "ImageUri", "Type", "Cost", "Rarity", "Description") VALUES (46, 'Three-Tap Tommygun', 'data:image/gif;base64,R0lGODlhAQABAIABAAAAAP///yH5BAEAAAEALAAAAAABAAEAQAICTAEAOw%3D%3D', 'General Item (Ability)', '9500.0', 'Epic', 'After using an ability or Gadget, for 3 seconds Weapon Damage deals additional damage equal to 1% of the target''s Life.
(0.25s Cooldown).');
INSERT INTO "Items" ("Id", "Name", "ImageUri", "Type", "Cost", "Rarity", "Description") VALUES (47, 'Iridescent Iris', 'data:image/gif;base64,R0lGODlhAQABAIABAAAAAP///yH5BAEAAAEALAAAAAABAAEAQAICTAEAOw%3D%3D', 'General Item (Ability)', '12000.0', 'Epic', 'After spending your Ultimate Charge, gain 100 Overhealth for 3s.');
INSERT INTO "Items" ("Id", "Name", "ImageUri", "Type", "Cost", "Rarity", "Description") VALUES (48, 'Liquid Nitrogen', 'data:image/gif;base64,R0lGODlhAQABAIABAAAAAP///yH5BAEAAAEALAAAAAABAAEAQAICTAEAOw%3D%3D', 'General Item (Ability)', '11000.0', 'Epic', 'Dealing Ability Damage slows the target''s Move Speed by 10% and their bonus Move Speed by 15% for 3s.');
INSERT INTO "Items" ("Id", "Name", "ImageUri", "Type", "Cost", "Rarity", "Description") VALUES (49, 'Mark of the Kitsune', 'data:image/gif;base64,R0lGODlhAQABAIABAAAAAP///yH5BAEAAAEALAAAAAABAAEAQAICTAEAOw%3D%3D', 'General Item (Ability)', '11000.0', 'Epic', 'When you use an ability or Gadget, your next instance of Weapon Damage or Healing deals  25 bonus damage or healing.');
INSERT INTO "Items" ("Id", "Name", "ImageUri", "Type", "Cost", "Rarity", "Description") VALUES (50, 'Champion''s Kit', 'data:image/gif;base64,R0lGODlhAQABAIABAAAAAP///yH5BAEAAAEALAAAAAABAAEAQAICTAEAOw%3D%3D', 'General Item (Ability)', '14500.0', 'Epic', '');
INSERT INTO "Items" ("Id", "Name", "ImageUri", "Type", "Cost", "Rarity", "Description") VALUES (51, 'Ballistic Buffer', 'data:image/gif;base64,R0lGODlhAQABAIABAAAAAP///yH5BAEAAAEALAAAAAABAAEAQAICTAEAOw%3D%3D', 'General Item (Survival)', '1000.0', 'Common', 'After taking damage beyond 20m, gain 50 overhealth for 3s (15s cooldown)');
INSERT INTO "Items" ("Id", "Name", "ImageUri", "Type", "Cost", "Rarity", "Description") VALUES (52, 'Electrolytes', 'data:image/gif;base64,R0lGODlhAQABAIABAAAAAP///yH5BAEAAAEALAAAAAABAAEAQAICTAEAOw%3D%3D', 'General Item (Survival)', '1000.0', 'Common', 'At the start of the round and every time you respawn, gain 100 unrecoverable Overhealth.');
INSERT INTO "Items" ("Id", "Name", "ImageUri", "Type", "Cost", "Rarity", "Description") VALUES (53, 'Field Rations', 'data:image/gif;base64,R0lGODlhAQABAIABAAAAAP///yH5BAEAAAEALAAAAAABAAEAQAICTAEAOw%3D%3D', 'General Item (Survival)', '1000.0', 'Common', 'While on the Objective, restore 8 Life every 1s.');
INSERT INTO "Items" ("Id", "Name", "ImageUri", "Type", "Cost", "Rarity", "Description") VALUES (54, 'Running Shoes', 'data:image/gif;base64,R0lGODlhAQABAIABAAAAAP///yH5BAEAAAEALAAAAAABAAEAQAICTAEAOw%3D%3D', 'General Item (Survival)', '1000.0', 'Common', 'At the start of the round and when you respawn while not in Overtime, gain 30% Move Speed for 10s while out of combat.');
INSERT INTO "Items" ("Id", "Name", "ImageUri", "Type", "Cost", "Rarity", "Description") VALUES (55, 'Adrenaline Shot', 'data:image/gif;base64,R0lGODlhAQABAIABAAAAAP///yH5BAEAAAEALAAAAAABAAEAQAICTAEAOw%3D%3D', 'General Item (Survival)', '1500.0', 'Common', 'Health Packs grant 20% Move Speed for 5s and 50 Overhealth.');
INSERT INTO "Items" ("Id", "Name", "ImageUri", "Type", "Cost", "Rarity", "Description") VALUES (56, 'Armored Vest', 'data:image/gif;base64,R0lGODlhAQABAIABAAAAAP///yH5BAEAAAEALAAAAAABAAEAQAICTAEAOw%3D%3D', 'General Item (Survival)', '1500.0', 'Common', '');
INSERT INTO "Items" ("Id", "Name", "ImageUri", "Type", "Cost", "Rarity", "Description") VALUES (57, 'First Aid Kit', 'data:image/gif;base64,R0lGODlhAQABAIABAAAAAP///yH5BAEAAAEALAAAAAABAAEAQAICTAEAOw%3D%3D', 'General Item (Survival)', '1500.0', 'Common', 'Reduce the time before your Life begins regenerating by 33%.');
INSERT INTO "Items" ("Id", "Name", "ImageUri", "Type", "Cost", "Rarity", "Description") VALUES (58, 'Reflex Coating', 'data:image/gif;base64,R0lGODlhAQABAIABAAAAAP///yH5BAEAAAEALAAAAAABAAEAQAICTAEAOw%3D%3D', 'General Item (Survival)', '1500.0', 'Common', 'When you are stunned, slept, hindered or anti-healed, gain 75 Overhealth for 3s.');
INSERT INTO "Items" ("Id", "Name", "ImageUri", "Type", "Cost", "Rarity", "Description") VALUES (59, 'Siphon Gloves', 'data:image/gif;base64,R0lGODlhAQABAIABAAAAAP///yH5BAEAAAEALAAAAAABAAEAQAICTAEAOw%3D%3D', 'General Item (Survival)', '1500.0', 'Common', '[Quick Melee] damage heals for 25 Life.');
INSERT INTO "Items" ("Id", "Name", "ImageUri", "Type", "Cost", "Rarity", "Description") VALUES (60, 'Cushioned Padding', 'data:image/gif;base64,R0lGODlhAQABAIABAAAAAP///yH5BAEAAAEALAAAAAABAAEAQAICTAEAOw%3D%3D', 'General Item (Survival)', '3750.0', 'Rare', 'When affected by Stun, Sleep, or Hinder, restore 10% of your max Life over 3s.');
INSERT INTO "Items" ("Id", "Name", "ImageUri", "Type", "Cost", "Rarity", "Description") VALUES (61, 'Iron Eyes', 'data:image/gif;base64,R0lGODlhAQABAIABAAAAAP///yH5BAEAAAEALAAAAAABAAEAQAICTAEAOw%3D%3D', 'General Item (Survival)', '3750.0', 'Rare', 'You take 20% reduced damage from Critical Hits.');
INSERT INTO "Items" ("Id", "Name", "ImageUri", "Type", "Cost", "Rarity", "Description") VALUES (62, 'Reinforced Titanium', 'data:image/gif;base64,R0lGODlhAQABAIABAAAAAP///yH5BAEAAAEALAAAAAABAAEAQAICTAEAOw%3D%3D', 'General Item (Survival)', '3750.0', 'Rare', 'While you have Shields, take 15% reduced Ability Damage and gain 5% Ability Power.');
INSERT INTO "Items" ("Id", "Name", "ImageUri", "Type", "Cost", "Rarity", "Description") VALUES (63, 'Vishkar Condensor', 'data:image/gif;base64,R0lGODlhAQABAIABAAAAAP///yH5BAEAAAEALAAAAAABAAEAQAICTAEAOw%3D%3D', 'General Item (Survival)', '3750.0', 'Rare', 'Convert 150 Health into Shields.');
INSERT INTO "Items" ("Id", "Name", "ImageUri", "Type", "Cost", "Rarity", "Description") VALUES (64, 'Bloodbound', 'data:image/gif;base64,R0lGODlhAQABAIABAAAAAP///yH5BAEAAAEALAAAAAABAAEAQAICTAEAOw%3D%3D', 'General Item (Survival)', '4000.0', 'Rare', 'The last enemy to deal a final blow to you is Revealed when nearby. Deal 10% more damage to them and take 10% reduced damage from them.');
INSERT INTO "Items" ("Id", "Name", "ImageUri", "Type", "Cost", "Rarity", "Description") VALUES (65, 'Ironclad Exhaust Ports', 'data:image/gif;base64,R0lGODlhAQABAIABAAAAAP///yH5BAEAAAEALAAAAAABAAEAQAICTAEAOw%3D%3D', 'General Item (Survival)', '4000.0', 'Rare', 'When you use an ability or Gadget, gain 25 Overhealth for 3s.');
INSERT INTO "Items" ("Id", "Name", "ImageUri", "Type", "Cost", "Rarity", "Description") VALUES (66, 'Vital-E-Tee', 'data:image/gif;base64,R0lGODlhAQABAIABAAAAAP///yH5BAEAAAEALAAAAAABAAEAQAICTAEAOw%3D%3D', 'General Item (Survival)', '4000.0', 'Rare', 'Convert 100 Health into Armor.');
INSERT INTO "Items" ("Id", "Name", "ImageUri", "Type", "Cost", "Rarity", "Description") VALUES (67, 'Crusader Hydraulics', 'data:image/gif;base64,R0lGODlhAQABAIABAAAAAP///yH5BAEAAAEALAAAAAABAAEAQAICTAEAOw%3D%3D', 'General Item (Survival)', '4500.0', 'Rare', 'While you have Armor, take 10% reduced Weapon Damage and gain 5% Attack Speed.');
INSERT INTO "Items" ("Id", "Name", "ImageUri", "Type", "Cost", "Rarity", "Description") VALUES (68, 'Meka Z-Series', 'data:image/gif;base64,R0lGODlhAQABAIABAAAAAP///yH5BAEAAAEALAAAAAABAAEAQAICTAEAOw%3D%3D', 'General Item (Survival)', '5000.0', 'Rare', '');
INSERT INTO "Items" ("Id", "Name", "ImageUri", "Type", "Cost", "Rarity", "Description") VALUES (69, 'Geneticist''s Vial', 'data:image/gif;base64,R0lGODlhAQABAIABAAAAAP///yH5BAEAAAEALAAAAAABAAEAQAICTAEAOw%3D%3D', 'General Item (Survival)', '9000.0', 'Epic', 'The first time you would die each round, revive instead with 250 Life after 3s.');
INSERT INTO "Items" ("Id", "Name", "ImageUri", "Type", "Cost", "Rarity", "Description") VALUES (70, 'Divine Intervention', 'data:image/gif;base64,R0lGODlhAQABAIABAAAAAP///yH5BAEAAAEALAAAAAABAAEAQAICTAEAOw%3D%3D', 'General Item (Survival)', '9500.0', 'Epic', 'When you are Stunned or take more than 125 pre-mitigation damage at once, gain Overhealth equal to 20% of damage taken for 3s and start regenerating your Shields.');
INSERT INTO "Items" ("Id", "Name", "ImageUri", "Type", "Cost", "Rarity", "Description") VALUES (71, 'Overdrive Core', 'data:image/gif;base64,R0lGODlhAQABAIABAAAAAP///yH5BAEAAAEALAAAAAABAAEAQAICTAEAOw%3D%3D', 'General Item (Survival)', '9500.0', 'Epic', 'Once per life, if you take damage that would reduce you below 30% Max Life, first gain 300 decaying Overhealth.');
INSERT INTO "Items" ("Id", "Name", "ImageUri", "Type", "Cost", "Rarity", "Description") VALUES (72, 'Gloomgauntlet', 'data:image/gif;base64,R0lGODlhAQABAIABAAAAAP///yH5BAEAAAEALAAAAAABAAEAQAICTAEAOw%3D%3D', 'General Item (Survival)', '10000.0', 'Epic', '[Melee] damage grants 10% Move Speed and restores 5% of Max Life over 2s.');
INSERT INTO "Items" ("Id", "Name", "ImageUri", "Type", "Cost", "Rarity", "Description") VALUES (73, 'Martian Mender', 'data:image/gif;base64,R0lGODlhAQABAIABAAAAAP///yH5BAEAAAEALAAAAAABAAEAQAICTAEAOw%3D%3D', 'General Item (Survival)', '10000.0', 'Epic', 'Restore 3% of your Life every 1s.');
INSERT INTO "Items" ("Id", "Name", "ImageUri", "Type", "Cost", "Rarity", "Description") VALUES (74, 'Phantasmic Flux', 'data:image/gif;base64,R0lGODlhAQABAIABAAAAAP///yH5BAEAAAEALAAAAAABAAEAQAICTAEAOw%3D%3D', 'General Item (Survival)', '10000.0', 'Epic', 'While at full Life, Lifesteal grants up to 100 Overhealth.');
INSERT INTO "Items" ("Id", "Name", "ImageUri", "Type", "Cost", "Rarity", "Description") VALUES (75, 'Rüstung von Wilhelm', 'data:image/gif;base64,R0lGODlhAQABAIABAAAAAP///yH5BAEAAAEALAAAAAABAAEAQAICTAEAOw%3D%3D', 'General Item (Survival)', '10000.0', 'Epic', 'While below 30% Life, gain 10% Damage Reduction.');
INSERT INTO "Items" ("Id", "Name", "ImageUri", "Type", "Cost", "Rarity", "Description") VALUES (76, 'Vanadium Injection', 'data:image/gif;base64,R0lGODlhAQABAIABAAAAAP///yH5BAEAAAEALAAAAAABAAEAQAICTAEAOw%3D%3D', 'General Item (Survival)', '10000.0', 'Epic', 'While at 100% Ultimate Charge, gain:
 50 Health
 10% Weapon Power
 10% Ability Power
 10% Attack Speed
 10% Cooldown Reduction
 10% Move Speed');
INSERT INTO "Items" ("Id", "Name", "ImageUri", "Type", "Cost", "Rarity", "Description") VALUES (77, 'Nebula Conduit', 'data:image/gif;base64,R0lGODlhAQABAIABAAAAAP///yH5BAEAAAEALAAAAAABAAEAQAICTAEAOw%3D%3D', 'General Item (Survival)', '11000.0', 'Epic', 'Prevent 15% of incoming damage and instead take that prevented damage over 3s.');
INSERT INTO "Items" ("Id", "Name", "ImageUri", "Type", "Cost", "Rarity", "Description") VALUES (78, 'Ogundimu Reduction Field', 'data:image/gif;base64,R0lGODlhAQABAIABAAAAAP///yH5BAEAAAEALAAAAAABAAEAQAICTAEAOw%3D%3D', 'General Item (Survival)', '11000.0', 'Epic', 'When you take damage, gain 0.5% damage reduction for 1s, stacking up to 20 times.');
INSERT INTO "Items" ("Id", "Name", "ImageUri", "Type", "Cost", "Rarity", "Description") VALUES (79, 'Aura Repellant
3', 'data:image/gif;base64,R0lGODlhAQABAIABAAAAAP///yH5BAEAAAEALAAAAAABAAEAQAICTAEAOw%3D%3D', 'Gadget', '1500.0', 'Common', 'On Use: Knockback all enemies within 8m.');
INSERT INTO "Items" ("Id", "Name", "ImageUri", "Type", "Cost", "Rarity", "Description") VALUES (80, 'Barrier Snippet
3', 'data:image/gif;base64,R0lGODlhAQABAIABAAAAAP///yH5BAEAAAEALAAAAAABAAEAQAICTAEAOw%3D%3D', 'Gadget', '1500.0', 'Common', 'On Use: Gain 50 Overhealth for 3s.');
INSERT INTO "Items" ("Id", "Name", "ImageUri", "Type", "Cost", "Rarity", "Description") VALUES (81, 'Exo Springs
3', 'data:image/gif;base64,R0lGODlhAQABAIABAAAAAP///yH5BAEAAAEALAAAAAABAAEAQAICTAEAOw%3D%3D', 'Gadget', '1500.0', 'Common', 'Holding [Crouch] for up to 0.75 seconds increases the height of your next jump by up to 250%.');
INSERT INTO "Items" ("Id", "Name", "ImageUri", "Type", "Cost", "Rarity", "Description") VALUES (82, 'Feathered Soles
3', 'data:image/gif;base64,R0lGODlhAQABAIABAAAAAP///yH5BAEAAAEALAAAAAABAAEAQAICTAEAOw%3D%3D', 'Gadget', '1500.0', 'Common', 'On Use: Gain 25% Move Speed for 5s. Dealing damage removes this bonus.');
INSERT INTO "Items" ("Id", "Name", "ImageUri", "Type", "Cost", "Rarity", "Description") VALUES (83, 'Med Kit
3', 'data:image/gif;base64,R0lGODlhAQABAIABAAAAAP///yH5BAEAAAEALAAAAAABAAEAQAICTAEAOw%3D%3D', 'Gadget', '1500.0', 'Common', 'On Use: Restore 20 Life every 1s for 10s. Taking damage removes this bonus.');
INSERT INTO "Items" ("Id", "Name", "ImageUri", "Type", "Cost", "Rarity", "Description") VALUES (84, 'Dashing Skates
3', 'data:image/gif;base64,R0lGODlhAQABAIABAAAAAP///yH5BAEAAAEALAAAAAABAAEAQAICTAEAOw%3D%3D', 'Gadget', '3750.0', 'Rare', 'On Use: Dash a short distance.');
INSERT INTO "Items" ("Id", "Name", "ImageUri", "Type", "Cost", "Rarity", "Description") VALUES (85, 'Field Support
3', 'data:image/gif;base64,R0lGODlhAQABAIABAAAAAP///yH5BAEAAAEALAAAAAABAAEAQAICTAEAOw%3D%3D', 'Gadget', '4000.0', 'Rare', 'On Use: Place a Biotic Field at your location that restores 50 Life every 1s for 5s.');
INSERT INTO "Items" ("Id", "Name", "ImageUri", "Type", "Cost", "Rarity", "Description") VALUES (86, 'Kitsune Snippet
3', 'data:image/gif;base64,R0lGODlhAQABAIABAAAAAP///yH5BAEAAAEALAAAAAABAAEAQAICTAEAOw%3D%3D', 'Gadget', '4000.0', 'Rare', 'On Use: Gain 50 Overhealth and 25% Move Speed for 3s. If you are debuffed, gain an additional 100 Overhealth.');
INSERT INTO "Items" ("Id", "Name", "ImageUri", "Type", "Cost", "Rarity", "Description") VALUES (87, 'Kitsune Charm
3', 'data:image/gif;base64,R0lGODlhAQABAIABAAAAAP///yH5BAEAAAEALAAAAAABAAEAQAICTAEAOw%3D%3D', 'Gadget', '9000.0', 'Epic', 'On Use: Cleanse yourself of most negative effects, restore 75 Life, and gain Invulnerability and 75% Move Speed for 0.65s.');
INSERT INTO "Items" ("Id", "Name", "ImageUri", "Type", "Cost", "Rarity", "Description") VALUES (88, 'Jet Skates
3', 'data:image/gif;base64,R0lGODlhAQABAIABAAAAAP///yH5BAEAAAEALAAAAAABAAEAQAICTAEAOw%3D%3D', 'Gadget', '9500.0', 'Epic', 'On Use: Dash a short distance.');
INSERT INTO "Items" ("Id", "Name", "ImageUri", "Type", "Cost", "Rarity", "Description") VALUES (89, 'Necrotic Repellant
3', 'data:image/gif;base64,R0lGODlhAQABAIABAAAAAP///yH5BAEAAAEALAAAAAABAAEAQAICTAEAOw%3D%3D', 'Gadget', '9000.0', 'Epic', 'On Use: Knockback, Hinder and slow all enemies within 4m for 1s.');
INSERT INTO "Items" ("Id", "Name", "ImageUri", "Type", "Cost", "Rarity", "Description") VALUES (90, 'Super Serum
3', 'data:image/gif;base64,R0lGODlhAQABAIABAAAAAP///yH5BAEAAAEALAAAAAABAAEAQAICTAEAOw%3D%3D', 'Gadget', '10000.0', 'Epic', 'On Use: Increase your total Attack Speed by 50% but deal 15% reduced Weapon Damage and Healing for 5s. Reload all your Ammo.');
INSERT INTO "Items" ("Id", "Name", "ImageUri", "Type", "Cost", "Rarity", "Description") VALUES (91, 'Colossus Core
3', 'data:image/gif;base64,R0lGODlhAQABAIABAAAAAP///yH5BAEAAAEALAAAAAABAAEAQAICTAEAOw%3D%3D', 'Gadget', '9500.0', 'Epic', 'On Use: Gain Unstoppable, 25% Damage Reduction, 25% Max Life, and grow in size, but deal 25% reduced damage and healing for 5s.');
INSERT INTO "Items" ("Id", "Name", "ImageUri", "Type", "Cost", "Rarity", "Description") VALUES (92, 'Refresher
3', 'data:image/gif;base64,R0lGODlhAQABAIABAAAAAP///yH5BAEAAAEALAAAAAABAAEAQAICTAEAOw%3D%3D', 'Gadget', '13000.0', 'Epic', 'Reduce all Ability cooldowns by 8s.');
INSERT INTO "Items" ("Id", "Name", "ImageUri", "Type", "Cost", "Rarity", "Description") VALUES (93, 'Heartbeat Sensor', 'data:image/gif;base64,R0lGODlhAQABAIABAAAAAP///yH5BAEAAAEALAAAAAABAAEAQAICTAEAOw%3D%3D', 'General Item (Survival)', '1500.0', 'Common', 'Enemies below 30% Life are Revealed to you.');

-- Table: HeroExclusives
INSERT INTO "HeroExclusives" ("HeroId", "ItemsId") VALUES (1, 1);
INSERT INTO "HeroExclusives" ("HeroId", "ItemsId") VALUES (1, 2);
INSERT INTO "HeroExclusives" ("HeroId", "ItemsId") VALUES (1, 3);
INSERT INTO "HeroExclusives" ("HeroId", "ItemsId") VALUES (1, 4);
INSERT INTO "HeroExclusives" ("HeroId", "ItemsId") VALUES (1, 5);
INSERT INTO "HeroExclusives" ("HeroId", "ItemsId") VALUES (1, 6);
INSERT INTO "HeroExclusives" ("HeroId", "ItemsId") VALUES (1, 7);
INSERT INTO "HeroExclusives" ("HeroId", "ItemsId") VALUES (1, 8);
INSERT INTO "HeroExclusives" ("HeroId", "ItemsId") VALUES (1, 9);
INSERT INTO "HeroExclusives" ("HeroId", "ItemsId") VALUES (1, 10);
INSERT INTO "HeroExclusives" ("HeroId", "ItemsId") VALUES (1, 11);
INSERT INTO "HeroExclusives" ("HeroId", "ItemsId") VALUES (1, 12);
INSERT INTO "HeroExclusives" ("HeroId", "ItemsId") VALUES (1, 13);
INSERT INTO "HeroExclusives" ("HeroId", "ItemsId") VALUES (1, 14);
INSERT INTO "HeroExclusives" ("HeroId", "ItemsId") VALUES (1, 15);
INSERT INTO "HeroExclusives" ("HeroId", "ItemsId") VALUES (1, 16);
INSERT INTO "HeroExclusives" ("HeroId", "ItemsId") VALUES (1, 17);
INSERT INTO "HeroExclusives" ("HeroId", "ItemsId") VALUES (1, 18);
INSERT INTO "HeroExclusives" ("HeroId", "ItemsId") VALUES (1, 19);
INSERT INTO "HeroExclusives" ("HeroId", "ItemsId") VALUES (1, 20);
INSERT INTO "HeroExclusives" ("HeroId", "ItemsId") VALUES (1, 21);
INSERT INTO "HeroExclusives" ("HeroId", "ItemsId") VALUES (1, 22);
INSERT INTO "HeroExclusives" ("HeroId", "ItemsId") VALUES (1, 23);
INSERT INTO "HeroExclusives" ("HeroId", "ItemsId") VALUES (1, 24);
INSERT INTO "HeroExclusives" ("HeroId", "ItemsId") VALUES (1, 25);
INSERT INTO "HeroExclusives" ("HeroId", "ItemsId") VALUES (1, 26);
INSERT INTO "HeroExclusives" ("HeroId", "ItemsId") VALUES (1, 27);
INSERT INTO "HeroExclusives" ("HeroId", "ItemsId") VALUES (1, 28);
INSERT INTO "HeroExclusives" ("HeroId", "ItemsId") VALUES (1, 29);
INSERT INTO "HeroExclusives" ("HeroId", "ItemsId") VALUES (1, 30);
INSERT INTO "HeroExclusives" ("HeroId", "ItemsId") VALUES (1, 31);
INSERT INTO "HeroExclusives" ("HeroId", "ItemsId") VALUES (1, 32);
INSERT INTO "HeroExclusives" ("HeroId", "ItemsId") VALUES (1, 33);
INSERT INTO "HeroExclusives" ("HeroId", "ItemsId") VALUES (1, 34);
INSERT INTO "HeroExclusives" ("HeroId", "ItemsId") VALUES (1, 35);
INSERT INTO "HeroExclusives" ("HeroId", "ItemsId") VALUES (1, 36);
INSERT INTO "HeroExclusives" ("HeroId", "ItemsId") VALUES (1, 37);
INSERT INTO "HeroExclusives" ("HeroId", "ItemsId") VALUES (1, 38);
INSERT INTO "HeroExclusives" ("HeroId", "ItemsId") VALUES (1, 39);
INSERT INTO "HeroExclusives" ("HeroId", "ItemsId") VALUES (1, 40);
INSERT INTO "HeroExclusives" ("HeroId", "ItemsId") VALUES (1, 41);
INSERT INTO "HeroExclusives" ("HeroId", "ItemsId") VALUES (1, 42);
INSERT INTO "HeroExclusives" ("HeroId", "ItemsId") VALUES (1, 43);
INSERT INTO "HeroExclusives" ("HeroId", "ItemsId") VALUES (1, 44);
INSERT INTO "HeroExclusives" ("HeroId", "ItemsId") VALUES (1, 45);
INSERT INTO "HeroExclusives" ("HeroId", "ItemsId") VALUES (1, 46);
INSERT INTO "HeroExclusives" ("HeroId", "ItemsId") VALUES (1, 47);
INSERT INTO "HeroExclusives" ("HeroId", "ItemsId") VALUES (1, 48);
INSERT INTO "HeroExclusives" ("HeroId", "ItemsId") VALUES (1, 49);
INSERT INTO "HeroExclusives" ("HeroId", "ItemsId") VALUES (1, 50);
INSERT INTO "HeroExclusives" ("HeroId", "ItemsId") VALUES (1, 51);
INSERT INTO "HeroExclusives" ("HeroId", "ItemsId") VALUES (1, 52);
INSERT INTO "HeroExclusives" ("HeroId", "ItemsId") VALUES (1, 53);
INSERT INTO "HeroExclusives" ("HeroId", "ItemsId") VALUES (1, 54);
INSERT INTO "HeroExclusives" ("HeroId", "ItemsId") VALUES (1, 55);
INSERT INTO "HeroExclusives" ("HeroId", "ItemsId") VALUES (1, 56);
INSERT INTO "HeroExclusives" ("HeroId", "ItemsId") VALUES (1, 57);
INSERT INTO "HeroExclusives" ("HeroId", "ItemsId") VALUES (1, 58);
INSERT INTO "HeroExclusives" ("HeroId", "ItemsId") VALUES (1, 59);
INSERT INTO "HeroExclusives" ("HeroId", "ItemsId") VALUES (1, 60);
INSERT INTO "HeroExclusives" ("HeroId", "ItemsId") VALUES (1, 61);
INSERT INTO "HeroExclusives" ("HeroId", "ItemsId") VALUES (1, 62);
INSERT INTO "HeroExclusives" ("HeroId", "ItemsId") VALUES (1, 63);
INSERT INTO "HeroExclusives" ("HeroId", "ItemsId") VALUES (1, 64);
INSERT INTO "HeroExclusives" ("HeroId", "ItemsId") VALUES (1, 65);
INSERT INTO "HeroExclusives" ("HeroId", "ItemsId") VALUES (1, 66);
INSERT INTO "HeroExclusives" ("HeroId", "ItemsId") VALUES (1, 67);
INSERT INTO "HeroExclusives" ("HeroId", "ItemsId") VALUES (1, 68);
INSERT INTO "HeroExclusives" ("HeroId", "ItemsId") VALUES (1, 69);
INSERT INTO "HeroExclusives" ("HeroId", "ItemsId") VALUES (1, 70);
INSERT INTO "HeroExclusives" ("HeroId", "ItemsId") VALUES (1, 71);
INSERT INTO "HeroExclusives" ("HeroId", "ItemsId") VALUES (1, 72);
INSERT INTO "HeroExclusives" ("HeroId", "ItemsId") VALUES (1, 73);
INSERT INTO "HeroExclusives" ("HeroId", "ItemsId") VALUES (1, 74);
INSERT INTO "HeroExclusives" ("HeroId", "ItemsId") VALUES (1, 75);
INSERT INTO "HeroExclusives" ("HeroId", "ItemsId") VALUES (1, 76);
INSERT INTO "HeroExclusives" ("HeroId", "ItemsId") VALUES (1, 77);
INSERT INTO "HeroExclusives" ("HeroId", "ItemsId") VALUES (1, 78);
INSERT INTO "HeroExclusives" ("HeroId", "ItemsId") VALUES (1, 79);
INSERT INTO "HeroExclusives" ("HeroId", "ItemsId") VALUES (1, 80);
INSERT INTO "HeroExclusives" ("HeroId", "ItemsId") VALUES (1, 81);
INSERT INTO "HeroExclusives" ("HeroId", "ItemsId") VALUES (1, 82);
INSERT INTO "HeroExclusives" ("HeroId", "ItemsId") VALUES (1, 83);
INSERT INTO "HeroExclusives" ("HeroId", "ItemsId") VALUES (1, 84);
INSERT INTO "HeroExclusives" ("HeroId", "ItemsId") VALUES (1, 85);
INSERT INTO "HeroExclusives" ("HeroId", "ItemsId") VALUES (1, 86);
INSERT INTO "HeroExclusives" ("HeroId", "ItemsId") VALUES (1, 87);
INSERT INTO "HeroExclusives" ("HeroId", "ItemsId") VALUES (1, 88);
INSERT INTO "HeroExclusives" ("HeroId", "ItemsId") VALUES (1, 89);
INSERT INTO "HeroExclusives" ("HeroId", "ItemsId") VALUES (1, 90);
INSERT INTO "HeroExclusives" ("HeroId", "ItemsId") VALUES (1, 91);
INSERT INTO "HeroExclusives" ("HeroId", "ItemsId") VALUES (1, 92);
INSERT INTO "HeroExclusives" ("HeroId", "ItemsId") VALUES (1, 93);
INSERT INTO "HeroExclusives" ("HeroId", "ItemsId") VALUES (2, 1);
INSERT INTO "HeroExclusives" ("HeroId", "ItemsId") VALUES (2, 2);
INSERT INTO "HeroExclusives" ("HeroId", "ItemsId") VALUES (2, 3);
INSERT INTO "HeroExclusives" ("HeroId", "ItemsId") VALUES (2, 4);
INSERT INTO "HeroExclusives" ("HeroId", "ItemsId") VALUES (2, 5);
INSERT INTO "HeroExclusives" ("HeroId", "ItemsId") VALUES (2, 6);
INSERT INTO "HeroExclusives" ("HeroId", "ItemsId") VALUES (2, 7);
INSERT INTO "HeroExclusives" ("HeroId", "ItemsId") VALUES (2, 8);
INSERT INTO "HeroExclusives" ("HeroId", "ItemsId") VALUES (2, 9);
INSERT INTO "HeroExclusives" ("HeroId", "ItemsId") VALUES (2, 10);
INSERT INTO "HeroExclusives" ("HeroId", "ItemsId") VALUES (2, 11);
INSERT INTO "HeroExclusives" ("HeroId", "ItemsId") VALUES (2, 12);
INSERT INTO "HeroExclusives" ("HeroId", "ItemsId") VALUES (2, 13);
INSERT INTO "HeroExclusives" ("HeroId", "ItemsId") VALUES (2, 14);
INSERT INTO "HeroExclusives" ("HeroId", "ItemsId") VALUES (2, 15);
INSERT INTO "HeroExclusives" ("HeroId", "ItemsId") VALUES (2, 16);
INSERT INTO "HeroExclusives" ("HeroId", "ItemsId") VALUES (2, 17);
INSERT INTO "HeroExclusives" ("HeroId", "ItemsId") VALUES (2, 18);
INSERT INTO "HeroExclusives" ("HeroId", "ItemsId") VALUES (2, 19);
INSERT INTO "HeroExclusives" ("HeroId", "ItemsId") VALUES (2, 20);
INSERT INTO "HeroExclusives" ("HeroId", "ItemsId") VALUES (2, 21);
INSERT INTO "HeroExclusives" ("HeroId", "ItemsId") VALUES (2, 22);
INSERT INTO "HeroExclusives" ("HeroId", "ItemsId") VALUES (2, 23);
INSERT INTO "HeroExclusives" ("HeroId", "ItemsId") VALUES (2, 24);
INSERT INTO "HeroExclusives" ("HeroId", "ItemsId") VALUES (2, 25);
INSERT INTO "HeroExclusives" ("HeroId", "ItemsId") VALUES (2, 26);
INSERT INTO "HeroExclusives" ("HeroId", "ItemsId") VALUES (2, 27);
INSERT INTO "HeroExclusives" ("HeroId", "ItemsId") VALUES (2, 28);
INSERT INTO "HeroExclusives" ("HeroId", "ItemsId") VALUES (2, 29);
INSERT INTO "HeroExclusives" ("HeroId", "ItemsId") VALUES (2, 30);
INSERT INTO "HeroExclusives" ("HeroId", "ItemsId") VALUES (2, 31);
INSERT INTO "HeroExclusives" ("HeroId", "ItemsId") VALUES (2, 32);
INSERT INTO "HeroExclusives" ("HeroId", "ItemsId") VALUES (2, 33);
INSERT INTO "HeroExclusives" ("HeroId", "ItemsId") VALUES (2, 34);
INSERT INTO "HeroExclusives" ("HeroId", "ItemsId") VALUES (2, 35);
INSERT INTO "HeroExclusives" ("HeroId", "ItemsId") VALUES (2, 36);
INSERT INTO "HeroExclusives" ("HeroId", "ItemsId") VALUES (2, 37);
INSERT INTO "HeroExclusives" ("HeroId", "ItemsId") VALUES (2, 38);
INSERT INTO "HeroExclusives" ("HeroId", "ItemsId") VALUES (2, 39);
INSERT INTO "HeroExclusives" ("HeroId", "ItemsId") VALUES (2, 40);
INSERT INTO "HeroExclusives" ("HeroId", "ItemsId") VALUES (2, 41);
INSERT INTO "HeroExclusives" ("HeroId", "ItemsId") VALUES (2, 42);
INSERT INTO "HeroExclusives" ("HeroId", "ItemsId") VALUES (2, 43);
INSERT INTO "HeroExclusives" ("HeroId", "ItemsId") VALUES (2, 44);
INSERT INTO "HeroExclusives" ("HeroId", "ItemsId") VALUES (2, 45);
INSERT INTO "HeroExclusives" ("HeroId", "ItemsId") VALUES (2, 46);
INSERT INTO "HeroExclusives" ("HeroId", "ItemsId") VALUES (2, 47);
INSERT INTO "HeroExclusives" ("HeroId", "ItemsId") VALUES (2, 48);
INSERT INTO "HeroExclusives" ("HeroId", "ItemsId") VALUES (2, 49);
INSERT INTO "HeroExclusives" ("HeroId", "ItemsId") VALUES (2, 50);
INSERT INTO "HeroExclusives" ("HeroId", "ItemsId") VALUES (2, 51);
INSERT INTO "HeroExclusives" ("HeroId", "ItemsId") VALUES (2, 52);
INSERT INTO "HeroExclusives" ("HeroId", "ItemsId") VALUES (2, 53);
INSERT INTO "HeroExclusives" ("HeroId", "ItemsId") VALUES (2, 54);
INSERT INTO "HeroExclusives" ("HeroId", "ItemsId") VALUES (2, 55);
INSERT INTO "HeroExclusives" ("HeroId", "ItemsId") VALUES (2, 56);
INSERT INTO "HeroExclusives" ("HeroId", "ItemsId") VALUES (2, 57);
INSERT INTO "HeroExclusives" ("HeroId", "ItemsId") VALUES (2, 58);
INSERT INTO "HeroExclusives" ("HeroId", "ItemsId") VALUES (2, 59);
INSERT INTO "HeroExclusives" ("HeroId", "ItemsId") VALUES (2, 60);
INSERT INTO "HeroExclusives" ("HeroId", "ItemsId") VALUES (2, 61);
INSERT INTO "HeroExclusives" ("HeroId", "ItemsId") VALUES (2, 62);
INSERT INTO "HeroExclusives" ("HeroId", "ItemsId") VALUES (2, 63);
INSERT INTO "HeroExclusives" ("HeroId", "ItemsId") VALUES (2, 64);
INSERT INTO "HeroExclusives" ("HeroId", "ItemsId") VALUES (2, 65);
INSERT INTO "HeroExclusives" ("HeroId", "ItemsId") VALUES (2, 66);
INSERT INTO "HeroExclusives" ("HeroId", "ItemsId") VALUES (2, 67);
INSERT INTO "HeroExclusives" ("HeroId", "ItemsId") VALUES (2, 68);
INSERT INTO "HeroExclusives" ("HeroId", "ItemsId") VALUES (2, 69);
INSERT INTO "HeroExclusives" ("HeroId", "ItemsId") VALUES (2, 70);
INSERT INTO "HeroExclusives" ("HeroId", "ItemsId") VALUES (2, 71);
INSERT INTO "HeroExclusives" ("HeroId", "ItemsId") VALUES (2, 72);
INSERT INTO "HeroExclusives" ("HeroId", "ItemsId") VALUES (2, 73);
INSERT INTO "HeroExclusives" ("HeroId", "ItemsId") VALUES (2, 74);
INSERT INTO "HeroExclusives" ("HeroId", "ItemsId") VALUES (2, 75);
INSERT INTO "HeroExclusives" ("HeroId", "ItemsId") VALUES (2, 76);
INSERT INTO "HeroExclusives" ("HeroId", "ItemsId") VALUES (2, 77);
INSERT INTO "HeroExclusives" ("HeroId", "ItemsId") VALUES (2, 78);
INSERT INTO "HeroExclusives" ("HeroId", "ItemsId") VALUES (2, 79);
INSERT INTO "HeroExclusives" ("HeroId", "ItemsId") VALUES (2, 80);
INSERT INTO "HeroExclusives" ("HeroId", "ItemsId") VALUES (2, 81);
INSERT INTO "HeroExclusives" ("HeroId", "ItemsId") VALUES (2, 82);
INSERT INTO "HeroExclusives" ("HeroId", "ItemsId") VALUES (2, 83);
INSERT INTO "HeroExclusives" ("HeroId", "ItemsId") VALUES (2, 84);
INSERT INTO "HeroExclusives" ("HeroId", "ItemsId") VALUES (2, 85);
INSERT INTO "HeroExclusives" ("HeroId", "ItemsId") VALUES (2, 86);
INSERT INTO "HeroExclusives" ("HeroId", "ItemsId") VALUES (2, 87);
INSERT INTO "HeroExclusives" ("HeroId", "ItemsId") VALUES (2, 88);
INSERT INTO "HeroExclusives" ("HeroId", "ItemsId") VALUES (2, 89);
INSERT INTO "HeroExclusives" ("HeroId", "ItemsId") VALUES (2, 90);
INSERT INTO "HeroExclusives" ("HeroId", "ItemsId") VALUES (2, 91);
INSERT INTO "HeroExclusives" ("HeroId", "ItemsId") VALUES (2, 92);
INSERT INTO "HeroExclusives" ("HeroId", "ItemsId") VALUES (2, 93);
INSERT INTO "HeroExclusives" ("HeroId", "ItemsId") VALUES (3, 1);
INSERT INTO "HeroExclusives" ("HeroId", "ItemsId") VALUES (3, 2);
INSERT INTO "HeroExclusives" ("HeroId", "ItemsId") VALUES (3, 3);
INSERT INTO "HeroExclusives" ("HeroId", "ItemsId") VALUES (3, 4);
INSERT INTO "HeroExclusives" ("HeroId", "ItemsId") VALUES (3, 5);
INSERT INTO "HeroExclusives" ("HeroId", "ItemsId") VALUES (3, 6);
INSERT INTO "HeroExclusives" ("HeroId", "ItemsId") VALUES (3, 7);
INSERT INTO "HeroExclusives" ("HeroId", "ItemsId") VALUES (3, 8);
INSERT INTO "HeroExclusives" ("HeroId", "ItemsId") VALUES (3, 9);
INSERT INTO "HeroExclusives" ("HeroId", "ItemsId") VALUES (3, 10);
INSERT INTO "HeroExclusives" ("HeroId", "ItemsId") VALUES (3, 11);
INSERT INTO "HeroExclusives" ("HeroId", "ItemsId") VALUES (3, 12);
INSERT INTO "HeroExclusives" ("HeroId", "ItemsId") VALUES (3, 13);
INSERT INTO "HeroExclusives" ("HeroId", "ItemsId") VALUES (3, 14);
INSERT INTO "HeroExclusives" ("HeroId", "ItemsId") VALUES (3, 15);
INSERT INTO "HeroExclusives" ("HeroId", "ItemsId") VALUES (3, 16);
INSERT INTO "HeroExclusives" ("HeroId", "ItemsId") VALUES (3, 17);
INSERT INTO "HeroExclusives" ("HeroId", "ItemsId") VALUES (3, 18);
INSERT INTO "HeroExclusives" ("HeroId", "ItemsId") VALUES (3, 19);
INSERT INTO "HeroExclusives" ("HeroId", "ItemsId") VALUES (3, 20);
INSERT INTO "HeroExclusives" ("HeroId", "ItemsId") VALUES (3, 21);
INSERT INTO "HeroExclusives" ("HeroId", "ItemsId") VALUES (3, 22);
INSERT INTO "HeroExclusives" ("HeroId", "ItemsId") VALUES (3, 23);
INSERT INTO "HeroExclusives" ("HeroId", "ItemsId") VALUES (3, 24);
INSERT INTO "HeroExclusives" ("HeroId", "ItemsId") VALUES (3, 25);
INSERT INTO "HeroExclusives" ("HeroId", "ItemsId") VALUES (3, 26);
INSERT INTO "HeroExclusives" ("HeroId", "ItemsId") VALUES (3, 27);
INSERT INTO "HeroExclusives" ("HeroId", "ItemsId") VALUES (3, 28);
INSERT INTO "HeroExclusives" ("HeroId", "ItemsId") VALUES (3, 29);
INSERT INTO "HeroExclusives" ("HeroId", "ItemsId") VALUES (3, 30);
INSERT INTO "HeroExclusives" ("HeroId", "ItemsId") VALUES (3, 31);
INSERT INTO "HeroExclusives" ("HeroId", "ItemsId") VALUES (3, 32);
INSERT INTO "HeroExclusives" ("HeroId", "ItemsId") VALUES (3, 33);
INSERT INTO "HeroExclusives" ("HeroId", "ItemsId") VALUES (3, 34);
INSERT INTO "HeroExclusives" ("HeroId", "ItemsId") VALUES (3, 35);
INSERT INTO "HeroExclusives" ("HeroId", "ItemsId") VALUES (3, 36);
INSERT INTO "HeroExclusives" ("HeroId", "ItemsId") VALUES (3, 37);
INSERT INTO "HeroExclusives" ("HeroId", "ItemsId") VALUES (3, 38);
INSERT INTO "HeroExclusives" ("HeroId", "ItemsId") VALUES (3, 39);
INSERT INTO "HeroExclusives" ("HeroId", "ItemsId") VALUES (3, 40);
INSERT INTO "HeroExclusives" ("HeroId", "ItemsId") VALUES (3, 41);
INSERT INTO "HeroExclusives" ("HeroId", "ItemsId") VALUES (3, 42);
INSERT INTO "HeroExclusives" ("HeroId", "ItemsId") VALUES (3, 43);
INSERT INTO "HeroExclusives" ("HeroId", "ItemsId") VALUES (3, 44);
INSERT INTO "HeroExclusives" ("HeroId", "ItemsId") VALUES (3, 45);
INSERT INTO "HeroExclusives" ("HeroId", "ItemsId") VALUES (3, 46);
INSERT INTO "HeroExclusives" ("HeroId", "ItemsId") VALUES (3, 47);
INSERT INTO "HeroExclusives" ("HeroId", "ItemsId") VALUES (3, 48);
INSERT INTO "HeroExclusives" ("HeroId", "ItemsId") VALUES (3, 49);
INSERT INTO "HeroExclusives" ("HeroId", "ItemsId") VALUES (3, 50);
INSERT INTO "HeroExclusives" ("HeroId", "ItemsId") VALUES (3, 51);
INSERT INTO "HeroExclusives" ("HeroId", "ItemsId") VALUES (3, 52);
INSERT INTO "HeroExclusives" ("HeroId", "ItemsId") VALUES (3, 53);
INSERT INTO "HeroExclusives" ("HeroId", "ItemsId") VALUES (3, 54);
INSERT INTO "HeroExclusives" ("HeroId", "ItemsId") VALUES (3, 55);
INSERT INTO "HeroExclusives" ("HeroId", "ItemsId") VALUES (3, 56);
INSERT INTO "HeroExclusives" ("HeroId", "ItemsId") VALUES (3, 57);
INSERT INTO "HeroExclusives" ("HeroId", "ItemsId") VALUES (3, 58);
INSERT INTO "HeroExclusives" ("HeroId", "ItemsId") VALUES (3, 59);
INSERT INTO "HeroExclusives" ("HeroId", "ItemsId") VALUES (3, 60);
INSERT INTO "HeroExclusives" ("HeroId", "ItemsId") VALUES (3, 61);
INSERT INTO "HeroExclusives" ("HeroId", "ItemsId") VALUES (3, 62);
INSERT INTO "HeroExclusives" ("HeroId", "ItemsId") VALUES (3, 63);
INSERT INTO "HeroExclusives" ("HeroId", "ItemsId") VALUES (3, 64);
INSERT INTO "HeroExclusives" ("HeroId", "ItemsId") VALUES (3, 65);
INSERT INTO "HeroExclusives" ("HeroId", "ItemsId") VALUES (3, 66);
INSERT INTO "HeroExclusives" ("HeroId", "ItemsId") VALUES (3, 67);
INSERT INTO "HeroExclusives" ("HeroId", "ItemsId") VALUES (3, 68);
INSERT INTO "HeroExclusives" ("HeroId", "ItemsId") VALUES (3, 69);
INSERT INTO "HeroExclusives" ("HeroId", "ItemsId") VALUES (3, 70);
INSERT INTO "HeroExclusives" ("HeroId", "ItemsId") VALUES (3, 71);
INSERT INTO "HeroExclusives" ("HeroId", "ItemsId") VALUES (3, 72);
INSERT INTO "HeroExclusives" ("HeroId", "ItemsId") VALUES (3, 73);
INSERT INTO "HeroExclusives" ("HeroId", "ItemsId") VALUES (3, 74);
INSERT INTO "HeroExclusives" ("HeroId", "ItemsId") VALUES (3, 75);
INSERT INTO "HeroExclusives" ("HeroId", "ItemsId") VALUES (3, 76);
INSERT INTO "HeroExclusives" ("HeroId", "ItemsId") VALUES (3, 77);
INSERT INTO "HeroExclusives" ("HeroId", "ItemsId") VALUES (3, 78);
INSERT INTO "HeroExclusives" ("HeroId", "ItemsId") VALUES (3, 79);
INSERT INTO "HeroExclusives" ("HeroId", "ItemsId") VALUES (3, 80);
INSERT INTO "HeroExclusives" ("HeroId", "ItemsId") VALUES (3, 81);
INSERT INTO "HeroExclusives" ("HeroId", "ItemsId") VALUES (3, 82);
INSERT INTO "HeroExclusives" ("HeroId", "ItemsId") VALUES (3, 83);
INSERT INTO "HeroExclusives" ("HeroId", "ItemsId") VALUES (3, 84);
INSERT INTO "HeroExclusives" ("HeroId", "ItemsId") VALUES (3, 85);
INSERT INTO "HeroExclusives" ("HeroId", "ItemsId") VALUES (3, 86);
INSERT INTO "HeroExclusives" ("HeroId", "ItemsId") VALUES (3, 87);
INSERT INTO "HeroExclusives" ("HeroId", "ItemsId") VALUES (3, 88);
INSERT INTO "HeroExclusives" ("HeroId", "ItemsId") VALUES (3, 89);
INSERT INTO "HeroExclusives" ("HeroId", "ItemsId") VALUES (3, 90);
INSERT INTO "HeroExclusives" ("HeroId", "ItemsId") VALUES (3, 91);
INSERT INTO "HeroExclusives" ("HeroId", "ItemsId") VALUES (3, 92);
INSERT INTO "HeroExclusives" ("HeroId", "ItemsId") VALUES (3, 93);
INSERT INTO "HeroExclusives" ("HeroId", "ItemsId") VALUES (4, 1);
INSERT INTO "HeroExclusives" ("HeroId", "ItemsId") VALUES (4, 2);
INSERT INTO "HeroExclusives" ("HeroId", "ItemsId") VALUES (4, 3);
INSERT INTO "HeroExclusives" ("HeroId", "ItemsId") VALUES (4, 4);
INSERT INTO "HeroExclusives" ("HeroId", "ItemsId") VALUES (4, 5);
INSERT INTO "HeroExclusives" ("HeroId", "ItemsId") VALUES (4, 6);
INSERT INTO "HeroExclusives" ("HeroId", "ItemsId") VALUES (4, 7);
INSERT INTO "HeroExclusives" ("HeroId", "ItemsId") VALUES (4, 8);
INSERT INTO "HeroExclusives" ("HeroId", "ItemsId") VALUES (4, 9);
INSERT INTO "HeroExclusives" ("HeroId", "ItemsId") VALUES (4, 10);
INSERT INTO "HeroExclusives" ("HeroId", "ItemsId") VALUES (4, 11);
INSERT INTO "HeroExclusives" ("HeroId", "ItemsId") VALUES (4, 12);
INSERT INTO "HeroExclusives" ("HeroId", "ItemsId") VALUES (4, 13);
INSERT INTO "HeroExclusives" ("HeroId", "ItemsId") VALUES (4, 14);
INSERT INTO "HeroExclusives" ("HeroId", "ItemsId") VALUES (4, 15);
INSERT INTO "HeroExclusives" ("HeroId", "ItemsId") VALUES (4, 16);
INSERT INTO "HeroExclusives" ("HeroId", "ItemsId") VALUES (4, 17);
INSERT INTO "HeroExclusives" ("HeroId", "ItemsId") VALUES (4, 18);
INSERT INTO "HeroExclusives" ("HeroId", "ItemsId") VALUES (4, 19);
INSERT INTO "HeroExclusives" ("HeroId", "ItemsId") VALUES (4, 20);
INSERT INTO "HeroExclusives" ("HeroId", "ItemsId") VALUES (4, 21);
INSERT INTO "HeroExclusives" ("HeroId", "ItemsId") VALUES (4, 22);
INSERT INTO "HeroExclusives" ("HeroId", "ItemsId") VALUES (4, 23);
INSERT INTO "HeroExclusives" ("HeroId", "ItemsId") VALUES (4, 24);
INSERT INTO "HeroExclusives" ("HeroId", "ItemsId") VALUES (4, 25);
INSERT INTO "HeroExclusives" ("HeroId", "ItemsId") VALUES (4, 26);
INSERT INTO "HeroExclusives" ("HeroId", "ItemsId") VALUES (4, 27);
INSERT INTO "HeroExclusives" ("HeroId", "ItemsId") VALUES (4, 28);
INSERT INTO "HeroExclusives" ("HeroId", "ItemsId") VALUES (4, 29);
INSERT INTO "HeroExclusives" ("HeroId", "ItemsId") VALUES (4, 30);
INSERT INTO "HeroExclusives" ("HeroId", "ItemsId") VALUES (4, 31);
INSERT INTO "HeroExclusives" ("HeroId", "ItemsId") VALUES (4, 32);
INSERT INTO "HeroExclusives" ("HeroId", "ItemsId") VALUES (4, 33);
INSERT INTO "HeroExclusives" ("HeroId", "ItemsId") VALUES (4, 34);
INSERT INTO "HeroExclusives" ("HeroId", "ItemsId") VALUES (4, 35);
INSERT INTO "HeroExclusives" ("HeroId", "ItemsId") VALUES (4, 36);
INSERT INTO "HeroExclusives" ("HeroId", "ItemsId") VALUES (4, 37);
INSERT INTO "HeroExclusives" ("HeroId", "ItemsId") VALUES (4, 38);
INSERT INTO "HeroExclusives" ("HeroId", "ItemsId") VALUES (4, 39);
INSERT INTO "HeroExclusives" ("HeroId", "ItemsId") VALUES (4, 40);
INSERT INTO "HeroExclusives" ("HeroId", "ItemsId") VALUES (4, 41);
INSERT INTO "HeroExclusives" ("HeroId", "ItemsId") VALUES (4, 42);
INSERT INTO "HeroExclusives" ("HeroId", "ItemsId") VALUES (4, 43);
INSERT INTO "HeroExclusives" ("HeroId", "ItemsId") VALUES (4, 44);
INSERT INTO "HeroExclusives" ("HeroId", "ItemsId") VALUES (4, 45);
INSERT INTO "HeroExclusives" ("HeroId", "ItemsId") VALUES (4, 46);
INSERT INTO "HeroExclusives" ("HeroId", "ItemsId") VALUES (4, 47);
INSERT INTO "HeroExclusives" ("HeroId", "ItemsId") VALUES (4, 48);
INSERT INTO "HeroExclusives" ("HeroId", "ItemsId") VALUES (4, 49);
INSERT INTO "HeroExclusives" ("HeroId", "ItemsId") VALUES (4, 50);
INSERT INTO "HeroExclusives" ("HeroId", "ItemsId") VALUES (4, 51);
INSERT INTO "HeroExclusives" ("HeroId", "ItemsId") VALUES (4, 52);
INSERT INTO "HeroExclusives" ("HeroId", "ItemsId") VALUES (4, 53);
INSERT INTO "HeroExclusives" ("HeroId", "ItemsId") VALUES (4, 54);
INSERT INTO "HeroExclusives" ("HeroId", "ItemsId") VALUES (4, 55);
INSERT INTO "HeroExclusives" ("HeroId", "ItemsId") VALUES (4, 56);
INSERT INTO "HeroExclusives" ("HeroId", "ItemsId") VALUES (4, 57);
INSERT INTO "HeroExclusives" ("HeroId", "ItemsId") VALUES (4, 58);
INSERT INTO "HeroExclusives" ("HeroId", "ItemsId") VALUES (4, 59);
INSERT INTO "HeroExclusives" ("HeroId", "ItemsId") VALUES (4, 60);
INSERT INTO "HeroExclusives" ("HeroId", "ItemsId") VALUES (4, 61);
INSERT INTO "HeroExclusives" ("HeroId", "ItemsId") VALUES (4, 62);
INSERT INTO "HeroExclusives" ("HeroId", "ItemsId") VALUES (4, 63);
INSERT INTO "HeroExclusives" ("HeroId", "ItemsId") VALUES (4, 64);
INSERT INTO "HeroExclusives" ("HeroId", "ItemsId") VALUES (4, 65);
INSERT INTO "HeroExclusives" ("HeroId", "ItemsId") VALUES (4, 66);
INSERT INTO "HeroExclusives" ("HeroId", "ItemsId") VALUES (4, 67);
INSERT INTO "HeroExclusives" ("HeroId", "ItemsId") VALUES (4, 68);
INSERT INTO "HeroExclusives" ("HeroId", "ItemsId") VALUES (4, 69);
INSERT INTO "HeroExclusives" ("HeroId", "ItemsId") VALUES (4, 70);
INSERT INTO "HeroExclusives" ("HeroId", "ItemsId") VALUES (4, 71);
INSERT INTO "HeroExclusives" ("HeroId", "ItemsId") VALUES (4, 72);
INSERT INTO "HeroExclusives" ("HeroId", "ItemsId") VALUES (4, 73);
INSERT INTO "HeroExclusives" ("HeroId", "ItemsId") VALUES (4, 74);
INSERT INTO "HeroExclusives" ("HeroId", "ItemsId") VALUES (4, 75);
INSERT INTO "HeroExclusives" ("HeroId", "ItemsId") VALUES (4, 76);
INSERT INTO "HeroExclusives" ("HeroId", "ItemsId") VALUES (4, 77);
INSERT INTO "HeroExclusives" ("HeroId", "ItemsId") VALUES (4, 78);
INSERT INTO "HeroExclusives" ("HeroId", "ItemsId") VALUES (4, 79);
INSERT INTO "HeroExclusives" ("HeroId", "ItemsId") VALUES (4, 80);
INSERT INTO "HeroExclusives" ("HeroId", "ItemsId") VALUES (4, 81);
INSERT INTO "HeroExclusives" ("HeroId", "ItemsId") VALUES (4, 82);
INSERT INTO "HeroExclusives" ("HeroId", "ItemsId") VALUES (4, 83);
INSERT INTO "HeroExclusives" ("HeroId", "ItemsId") VALUES (4, 84);
INSERT INTO "HeroExclusives" ("HeroId", "ItemsId") VALUES (4, 85);
INSERT INTO "HeroExclusives" ("HeroId", "ItemsId") VALUES (4, 86);
INSERT INTO "HeroExclusives" ("HeroId", "ItemsId") VALUES (4, 87);
INSERT INTO "HeroExclusives" ("HeroId", "ItemsId") VALUES (4, 88);
INSERT INTO "HeroExclusives" ("HeroId", "ItemsId") VALUES (4, 89);
INSERT INTO "HeroExclusives" ("HeroId", "ItemsId") VALUES (4, 90);
INSERT INTO "HeroExclusives" ("HeroId", "ItemsId") VALUES (4, 91);
INSERT INTO "HeroExclusives" ("HeroId", "ItemsId") VALUES (4, 92);
INSERT INTO "HeroExclusives" ("HeroId", "ItemsId") VALUES (4, 93);
INSERT INTO "HeroExclusives" ("HeroId", "ItemsId") VALUES (5, 1);
INSERT INTO "HeroExclusives" ("HeroId", "ItemsId") VALUES (5, 2);
INSERT INTO "HeroExclusives" ("HeroId", "ItemsId") VALUES (5, 3);
INSERT INTO "HeroExclusives" ("HeroId", "ItemsId") VALUES (5, 4);
INSERT INTO "HeroExclusives" ("HeroId", "ItemsId") VALUES (5, 5);
INSERT INTO "HeroExclusives" ("HeroId", "ItemsId") VALUES (5, 6);
INSERT INTO "HeroExclusives" ("HeroId", "ItemsId") VALUES (5, 7);
INSERT INTO "HeroExclusives" ("HeroId", "ItemsId") VALUES (5, 8);
INSERT INTO "HeroExclusives" ("HeroId", "ItemsId") VALUES (5, 9);
INSERT INTO "HeroExclusives" ("HeroId", "ItemsId") VALUES (5, 10);
INSERT INTO "HeroExclusives" ("HeroId", "ItemsId") VALUES (5, 11);
INSERT INTO "HeroExclusives" ("HeroId", "ItemsId") VALUES (5, 12);
INSERT INTO "HeroExclusives" ("HeroId", "ItemsId") VALUES (5, 13);
INSERT INTO "HeroExclusives" ("HeroId", "ItemsId") VALUES (5, 14);
INSERT INTO "HeroExclusives" ("HeroId", "ItemsId") VALUES (5, 15);
INSERT INTO "HeroExclusives" ("HeroId", "ItemsId") VALUES (5, 16);
INSERT INTO "HeroExclusives" ("HeroId", "ItemsId") VALUES (5, 17);
INSERT INTO "HeroExclusives" ("HeroId", "ItemsId") VALUES (5, 18);
INSERT INTO "HeroExclusives" ("HeroId", "ItemsId") VALUES (5, 19);
INSERT INTO "HeroExclusives" ("HeroId", "ItemsId") VALUES (5, 20);
INSERT INTO "HeroExclusives" ("HeroId", "ItemsId") VALUES (5, 21);
INSERT INTO "HeroExclusives" ("HeroId", "ItemsId") VALUES (5, 22);
INSERT INTO "HeroExclusives" ("HeroId", "ItemsId") VALUES (5, 23);
INSERT INTO "HeroExclusives" ("HeroId", "ItemsId") VALUES (5, 24);
INSERT INTO "HeroExclusives" ("HeroId", "ItemsId") VALUES (5, 25);
INSERT INTO "HeroExclusives" ("HeroId", "ItemsId") VALUES (5, 26);
INSERT INTO "HeroExclusives" ("HeroId", "ItemsId") VALUES (5, 27);
INSERT INTO "HeroExclusives" ("HeroId", "ItemsId") VALUES (5, 28);
INSERT INTO "HeroExclusives" ("HeroId", "ItemsId") VALUES (5, 29);
INSERT INTO "HeroExclusives" ("HeroId", "ItemsId") VALUES (5, 30);
INSERT INTO "HeroExclusives" ("HeroId", "ItemsId") VALUES (5, 31);
INSERT INTO "HeroExclusives" ("HeroId", "ItemsId") VALUES (5, 32);
INSERT INTO "HeroExclusives" ("HeroId", "ItemsId") VALUES (5, 33);
INSERT INTO "HeroExclusives" ("HeroId", "ItemsId") VALUES (5, 34);
INSERT INTO "HeroExclusives" ("HeroId", "ItemsId") VALUES (5, 35);
INSERT INTO "HeroExclusives" ("HeroId", "ItemsId") VALUES (5, 36);
INSERT INTO "HeroExclusives" ("HeroId", "ItemsId") VALUES (5, 37);
INSERT INTO "HeroExclusives" ("HeroId", "ItemsId") VALUES (5, 38);
INSERT INTO "HeroExclusives" ("HeroId", "ItemsId") VALUES (5, 39);
INSERT INTO "HeroExclusives" ("HeroId", "ItemsId") VALUES (5, 40);
INSERT INTO "HeroExclusives" ("HeroId", "ItemsId") VALUES (5, 41);
INSERT INTO "HeroExclusives" ("HeroId", "ItemsId") VALUES (5, 42);
INSERT INTO "HeroExclusives" ("HeroId", "ItemsId") VALUES (5, 43);
INSERT INTO "HeroExclusives" ("HeroId", "ItemsId") VALUES (5, 44);
INSERT INTO "HeroExclusives" ("HeroId", "ItemsId") VALUES (5, 45);
INSERT INTO "HeroExclusives" ("HeroId", "ItemsId") VALUES (5, 46);
INSERT INTO "HeroExclusives" ("HeroId", "ItemsId") VALUES (5, 47);
INSERT INTO "HeroExclusives" ("HeroId", "ItemsId") VALUES (5, 48);
INSERT INTO "HeroExclusives" ("HeroId", "ItemsId") VALUES (5, 49);
INSERT INTO "HeroExclusives" ("HeroId", "ItemsId") VALUES (5, 50);
INSERT INTO "HeroExclusives" ("HeroId", "ItemsId") VALUES (5, 51);
INSERT INTO "HeroExclusives" ("HeroId", "ItemsId") VALUES (5, 52);
INSERT INTO "HeroExclusives" ("HeroId", "ItemsId") VALUES (5, 53);
INSERT INTO "HeroExclusives" ("HeroId", "ItemsId") VALUES (5, 54);
INSERT INTO "HeroExclusives" ("HeroId", "ItemsId") VALUES (5, 55);
INSERT INTO "HeroExclusives" ("HeroId", "ItemsId") VALUES (5, 56);
INSERT INTO "HeroExclusives" ("HeroId", "ItemsId") VALUES (5, 57);
INSERT INTO "HeroExclusives" ("HeroId", "ItemsId") VALUES (5, 58);
INSERT INTO "HeroExclusives" ("HeroId", "ItemsId") VALUES (5, 59);
INSERT INTO "HeroExclusives" ("HeroId", "ItemsId") VALUES (5, 60);
INSERT INTO "HeroExclusives" ("HeroId", "ItemsId") VALUES (5, 61);
INSERT INTO "HeroExclusives" ("HeroId", "ItemsId") VALUES (5, 62);
INSERT INTO "HeroExclusives" ("HeroId", "ItemsId") VALUES (5, 63);
INSERT INTO "HeroExclusives" ("HeroId", "ItemsId") VALUES (5, 64);
INSERT INTO "HeroExclusives" ("HeroId", "ItemsId") VALUES (5, 65);
INSERT INTO "HeroExclusives" ("HeroId", "ItemsId") VALUES (5, 66);
INSERT INTO "HeroExclusives" ("HeroId", "ItemsId") VALUES (5, 67);
INSERT INTO "HeroExclusives" ("HeroId", "ItemsId") VALUES (5, 68);
INSERT INTO "HeroExclusives" ("HeroId", "ItemsId") VALUES (5, 69);
INSERT INTO "HeroExclusives" ("HeroId", "ItemsId") VALUES (5, 70);
INSERT INTO "HeroExclusives" ("HeroId", "ItemsId") VALUES (5, 71);
INSERT INTO "HeroExclusives" ("HeroId", "ItemsId") VALUES (5, 72);
INSERT INTO "HeroExclusives" ("HeroId", "ItemsId") VALUES (5, 73);
INSERT INTO "HeroExclusives" ("HeroId", "ItemsId") VALUES (5, 74);
INSERT INTO "HeroExclusives" ("HeroId", "ItemsId") VALUES (5, 75);
INSERT INTO "HeroExclusives" ("HeroId", "ItemsId") VALUES (5, 76);
INSERT INTO "HeroExclusives" ("HeroId", "ItemsId") VALUES (5, 77);
INSERT INTO "HeroExclusives" ("HeroId", "ItemsId") VALUES (5, 78);
INSERT INTO "HeroExclusives" ("HeroId", "ItemsId") VALUES (5, 79);
INSERT INTO "HeroExclusives" ("HeroId", "ItemsId") VALUES (5, 80);
INSERT INTO "HeroExclusives" ("HeroId", "ItemsId") VALUES (5, 81);
INSERT INTO "HeroExclusives" ("HeroId", "ItemsId") VALUES (5, 82);
INSERT INTO "HeroExclusives" ("HeroId", "ItemsId") VALUES (5, 83);
INSERT INTO "HeroExclusives" ("HeroId", "ItemsId") VALUES (5, 84);
INSERT INTO "HeroExclusives" ("HeroId", "ItemsId") VALUES (5, 85);
INSERT INTO "HeroExclusives" ("HeroId", "ItemsId") VALUES (5, 86);
INSERT INTO "HeroExclusives" ("HeroId", "ItemsId") VALUES (5, 87);
INSERT INTO "HeroExclusives" ("HeroId", "ItemsId") VALUES (5, 88);
INSERT INTO "HeroExclusives" ("HeroId", "ItemsId") VALUES (5, 89);
INSERT INTO "HeroExclusives" ("HeroId", "ItemsId") VALUES (5, 90);
INSERT INTO "HeroExclusives" ("HeroId", "ItemsId") VALUES (5, 91);
INSERT INTO "HeroExclusives" ("HeroId", "ItemsId") VALUES (5, 92);
INSERT INTO "HeroExclusives" ("HeroId", "ItemsId") VALUES (5, 93);
INSERT INTO "HeroExclusives" ("HeroId", "ItemsId") VALUES (6, 1);
INSERT INTO "HeroExclusives" ("HeroId", "ItemsId") VALUES (6, 2);
INSERT INTO "HeroExclusives" ("HeroId", "ItemsId") VALUES (6, 3);
INSERT INTO "HeroExclusives" ("HeroId", "ItemsId") VALUES (6, 4);
INSERT INTO "HeroExclusives" ("HeroId", "ItemsId") VALUES (6, 5);
INSERT INTO "HeroExclusives" ("HeroId", "ItemsId") VALUES (6, 6);
INSERT INTO "HeroExclusives" ("HeroId", "ItemsId") VALUES (6, 7);
INSERT INTO "HeroExclusives" ("HeroId", "ItemsId") VALUES (6, 8);
INSERT INTO "HeroExclusives" ("HeroId", "ItemsId") VALUES (6, 9);
INSERT INTO "HeroExclusives" ("HeroId", "ItemsId") VALUES (6, 10);
INSERT INTO "HeroExclusives" ("HeroId", "ItemsId") VALUES (6, 11);
INSERT INTO "HeroExclusives" ("HeroId", "ItemsId") VALUES (6, 12);
INSERT INTO "HeroExclusives" ("HeroId", "ItemsId") VALUES (6, 13);
INSERT INTO "HeroExclusives" ("HeroId", "ItemsId") VALUES (6, 14);
INSERT INTO "HeroExclusives" ("HeroId", "ItemsId") VALUES (6, 15);
INSERT INTO "HeroExclusives" ("HeroId", "ItemsId") VALUES (6, 16);
INSERT INTO "HeroExclusives" ("HeroId", "ItemsId") VALUES (6, 17);
INSERT INTO "HeroExclusives" ("HeroId", "ItemsId") VALUES (6, 18);
INSERT INTO "HeroExclusives" ("HeroId", "ItemsId") VALUES (6, 19);
INSERT INTO "HeroExclusives" ("HeroId", "ItemsId") VALUES (6, 20);
INSERT INTO "HeroExclusives" ("HeroId", "ItemsId") VALUES (6, 21);
INSERT INTO "HeroExclusives" ("HeroId", "ItemsId") VALUES (6, 22);
INSERT INTO "HeroExclusives" ("HeroId", "ItemsId") VALUES (6, 23);
INSERT INTO "HeroExclusives" ("HeroId", "ItemsId") VALUES (6, 24);
INSERT INTO "HeroExclusives" ("HeroId", "ItemsId") VALUES (6, 25);
INSERT INTO "HeroExclusives" ("HeroId", "ItemsId") VALUES (6, 26);
INSERT INTO "HeroExclusives" ("HeroId", "ItemsId") VALUES (6, 27);
INSERT INTO "HeroExclusives" ("HeroId", "ItemsId") VALUES (6, 28);
INSERT INTO "HeroExclusives" ("HeroId", "ItemsId") VALUES (6, 29);
INSERT INTO "HeroExclusives" ("HeroId", "ItemsId") VALUES (6, 30);
INSERT INTO "HeroExclusives" ("HeroId", "ItemsId") VALUES (6, 31);
INSERT INTO "HeroExclusives" ("HeroId", "ItemsId") VALUES (6, 32);
INSERT INTO "HeroExclusives" ("HeroId", "ItemsId") VALUES (6, 33);
INSERT INTO "HeroExclusives" ("HeroId", "ItemsId") VALUES (6, 34);
INSERT INTO "HeroExclusives" ("HeroId", "ItemsId") VALUES (6, 35);
INSERT INTO "HeroExclusives" ("HeroId", "ItemsId") VALUES (6, 36);
INSERT INTO "HeroExclusives" ("HeroId", "ItemsId") VALUES (6, 37);
INSERT INTO "HeroExclusives" ("HeroId", "ItemsId") VALUES (6, 38);
INSERT INTO "HeroExclusives" ("HeroId", "ItemsId") VALUES (6, 39);
INSERT INTO "HeroExclusives" ("HeroId", "ItemsId") VALUES (6, 40);
INSERT INTO "HeroExclusives" ("HeroId", "ItemsId") VALUES (6, 41);
INSERT INTO "HeroExclusives" ("HeroId", "ItemsId") VALUES (6, 42);
INSERT INTO "HeroExclusives" ("HeroId", "ItemsId") VALUES (6, 43);
INSERT INTO "HeroExclusives" ("HeroId", "ItemsId") VALUES (6, 44);
INSERT INTO "HeroExclusives" ("HeroId", "ItemsId") VALUES (6, 45);
INSERT INTO "HeroExclusives" ("HeroId", "ItemsId") VALUES (6, 46);
INSERT INTO "HeroExclusives" ("HeroId", "ItemsId") VALUES (6, 47);
INSERT INTO "HeroExclusives" ("HeroId", "ItemsId") VALUES (6, 48);
INSERT INTO "HeroExclusives" ("HeroId", "ItemsId") VALUES (6, 49);
INSERT INTO "HeroExclusives" ("HeroId", "ItemsId") VALUES (6, 50);
INSERT INTO "HeroExclusives" ("HeroId", "ItemsId") VALUES (6, 51);
INSERT INTO "HeroExclusives" ("HeroId", "ItemsId") VALUES (6, 52);
INSERT INTO "HeroExclusives" ("HeroId", "ItemsId") VALUES (6, 53);
INSERT INTO "HeroExclusives" ("HeroId", "ItemsId") VALUES (6, 54);
INSERT INTO "HeroExclusives" ("HeroId", "ItemsId") VALUES (6, 55);
INSERT INTO "HeroExclusives" ("HeroId", "ItemsId") VALUES (6, 56);
INSERT INTO "HeroExclusives" ("HeroId", "ItemsId") VALUES (6, 57);
INSERT INTO "HeroExclusives" ("HeroId", "ItemsId") VALUES (6, 58);
INSERT INTO "HeroExclusives" ("HeroId", "ItemsId") VALUES (6, 59);
INSERT INTO "HeroExclusives" ("HeroId", "ItemsId") VALUES (6, 60);
INSERT INTO "HeroExclusives" ("HeroId", "ItemsId") VALUES (6, 61);
INSERT INTO "HeroExclusives" ("HeroId", "ItemsId") VALUES (6, 62);
INSERT INTO "HeroExclusives" ("HeroId", "ItemsId") VALUES (6, 63);
INSERT INTO "HeroExclusives" ("HeroId", "ItemsId") VALUES (6, 64);
INSERT INTO "HeroExclusives" ("HeroId", "ItemsId") VALUES (6, 65);
INSERT INTO "HeroExclusives" ("HeroId", "ItemsId") VALUES (6, 66);
INSERT INTO "HeroExclusives" ("HeroId", "ItemsId") VALUES (6, 67);
INSERT INTO "HeroExclusives" ("HeroId", "ItemsId") VALUES (6, 68);
INSERT INTO "HeroExclusives" ("HeroId", "ItemsId") VALUES (6, 69);
INSERT INTO "HeroExclusives" ("HeroId", "ItemsId") VALUES (6, 70);
INSERT INTO "HeroExclusives" ("HeroId", "ItemsId") VALUES (6, 71);
INSERT INTO "HeroExclusives" ("HeroId", "ItemsId") VALUES (6, 72);
INSERT INTO "HeroExclusives" ("HeroId", "ItemsId") VALUES (6, 73);
INSERT INTO "HeroExclusives" ("HeroId", "ItemsId") VALUES (6, 74);
INSERT INTO "HeroExclusives" ("HeroId", "ItemsId") VALUES (6, 75);
INSERT INTO "HeroExclusives" ("HeroId", "ItemsId") VALUES (6, 76);
INSERT INTO "HeroExclusives" ("HeroId", "ItemsId") VALUES (6, 77);
INSERT INTO "HeroExclusives" ("HeroId", "ItemsId") VALUES (6, 78);
INSERT INTO "HeroExclusives" ("HeroId", "ItemsId") VALUES (6, 79);
INSERT INTO "HeroExclusives" ("HeroId", "ItemsId") VALUES (6, 80);
INSERT INTO "HeroExclusives" ("HeroId", "ItemsId") VALUES (6, 81);
INSERT INTO "HeroExclusives" ("HeroId", "ItemsId") VALUES (6, 82);
INSERT INTO "HeroExclusives" ("HeroId", "ItemsId") VALUES (6, 83);
INSERT INTO "HeroExclusives" ("HeroId", "ItemsId") VALUES (6, 84);
INSERT INTO "HeroExclusives" ("HeroId", "ItemsId") VALUES (6, 85);
INSERT INTO "HeroExclusives" ("HeroId", "ItemsId") VALUES (6, 86);
INSERT INTO "HeroExclusives" ("HeroId", "ItemsId") VALUES (6, 87);
INSERT INTO "HeroExclusives" ("HeroId", "ItemsId") VALUES (6, 88);
INSERT INTO "HeroExclusives" ("HeroId", "ItemsId") VALUES (6, 89);
INSERT INTO "HeroExclusives" ("HeroId", "ItemsId") VALUES (6, 90);
INSERT INTO "HeroExclusives" ("HeroId", "ItemsId") VALUES (6, 91);
INSERT INTO "HeroExclusives" ("HeroId", "ItemsId") VALUES (6, 92);
INSERT INTO "HeroExclusives" ("HeroId", "ItemsId") VALUES (6, 93);
INSERT INTO "HeroExclusives" ("HeroId", "ItemsId") VALUES (7, 1);
INSERT INTO "HeroExclusives" ("HeroId", "ItemsId") VALUES (7, 2);
INSERT INTO "HeroExclusives" ("HeroId", "ItemsId") VALUES (7, 3);
INSERT INTO "HeroExclusives" ("HeroId", "ItemsId") VALUES (7, 4);
INSERT INTO "HeroExclusives" ("HeroId", "ItemsId") VALUES (7, 5);
INSERT INTO "HeroExclusives" ("HeroId", "ItemsId") VALUES (7, 6);
INSERT INTO "HeroExclusives" ("HeroId", "ItemsId") VALUES (7, 7);
INSERT INTO "HeroExclusives" ("HeroId", "ItemsId") VALUES (7, 8);
INSERT INTO "HeroExclusives" ("HeroId", "ItemsId") VALUES (7, 9);
INSERT INTO "HeroExclusives" ("HeroId", "ItemsId") VALUES (7, 10);
INSERT INTO "HeroExclusives" ("HeroId", "ItemsId") VALUES (7, 11);
INSERT INTO "HeroExclusives" ("HeroId", "ItemsId") VALUES (7, 12);
INSERT INTO "HeroExclusives" ("HeroId", "ItemsId") VALUES (7, 13);
INSERT INTO "HeroExclusives" ("HeroId", "ItemsId") VALUES (7, 14);
INSERT INTO "HeroExclusives" ("HeroId", "ItemsId") VALUES (7, 15);
INSERT INTO "HeroExclusives" ("HeroId", "ItemsId") VALUES (7, 16);
INSERT INTO "HeroExclusives" ("HeroId", "ItemsId") VALUES (7, 17);
INSERT INTO "HeroExclusives" ("HeroId", "ItemsId") VALUES (7, 18);
INSERT INTO "HeroExclusives" ("HeroId", "ItemsId") VALUES (7, 19);
INSERT INTO "HeroExclusives" ("HeroId", "ItemsId") VALUES (7, 20);
INSERT INTO "HeroExclusives" ("HeroId", "ItemsId") VALUES (7, 21);
INSERT INTO "HeroExclusives" ("HeroId", "ItemsId") VALUES (7, 22);
INSERT INTO "HeroExclusives" ("HeroId", "ItemsId") VALUES (7, 23);
INSERT INTO "HeroExclusives" ("HeroId", "ItemsId") VALUES (7, 24);
INSERT INTO "HeroExclusives" ("HeroId", "ItemsId") VALUES (7, 25);
INSERT INTO "HeroExclusives" ("HeroId", "ItemsId") VALUES (7, 26);
INSERT INTO "HeroExclusives" ("HeroId", "ItemsId") VALUES (7, 27);
INSERT INTO "HeroExclusives" ("HeroId", "ItemsId") VALUES (7, 28);
INSERT INTO "HeroExclusives" ("HeroId", "ItemsId") VALUES (7, 29);
INSERT INTO "HeroExclusives" ("HeroId", "ItemsId") VALUES (7, 30);
INSERT INTO "HeroExclusives" ("HeroId", "ItemsId") VALUES (7, 31);
INSERT INTO "HeroExclusives" ("HeroId", "ItemsId") VALUES (7, 32);
INSERT INTO "HeroExclusives" ("HeroId", "ItemsId") VALUES (7, 33);
INSERT INTO "HeroExclusives" ("HeroId", "ItemsId") VALUES (7, 34);
INSERT INTO "HeroExclusives" ("HeroId", "ItemsId") VALUES (7, 35);
INSERT INTO "HeroExclusives" ("HeroId", "ItemsId") VALUES (7, 36);
INSERT INTO "HeroExclusives" ("HeroId", "ItemsId") VALUES (7, 37);
INSERT INTO "HeroExclusives" ("HeroId", "ItemsId") VALUES (7, 38);
INSERT INTO "HeroExclusives" ("HeroId", "ItemsId") VALUES (7, 39);
INSERT INTO "HeroExclusives" ("HeroId", "ItemsId") VALUES (7, 40);
INSERT INTO "HeroExclusives" ("HeroId", "ItemsId") VALUES (7, 41);
INSERT INTO "HeroExclusives" ("HeroId", "ItemsId") VALUES (7, 42);
INSERT INTO "HeroExclusives" ("HeroId", "ItemsId") VALUES (7, 43);
INSERT INTO "HeroExclusives" ("HeroId", "ItemsId") VALUES (7, 44);
INSERT INTO "HeroExclusives" ("HeroId", "ItemsId") VALUES (7, 45);
INSERT INTO "HeroExclusives" ("HeroId", "ItemsId") VALUES (7, 46);
INSERT INTO "HeroExclusives" ("HeroId", "ItemsId") VALUES (7, 47);
INSERT INTO "HeroExclusives" ("HeroId", "ItemsId") VALUES (7, 48);
INSERT INTO "HeroExclusives" ("HeroId", "ItemsId") VALUES (7, 49);
INSERT INTO "HeroExclusives" ("HeroId", "ItemsId") VALUES (7, 50);
INSERT INTO "HeroExclusives" ("HeroId", "ItemsId") VALUES (7, 51);
INSERT INTO "HeroExclusives" ("HeroId", "ItemsId") VALUES (7, 52);
INSERT INTO "HeroExclusives" ("HeroId", "ItemsId") VALUES (7, 53);
INSERT INTO "HeroExclusives" ("HeroId", "ItemsId") VALUES (7, 54);
INSERT INTO "HeroExclusives" ("HeroId", "ItemsId") VALUES (7, 55);
INSERT INTO "HeroExclusives" ("HeroId", "ItemsId") VALUES (7, 56);
INSERT INTO "HeroExclusives" ("HeroId", "ItemsId") VALUES (7, 57);
INSERT INTO "HeroExclusives" ("HeroId", "ItemsId") VALUES (7, 58);
INSERT INTO "HeroExclusives" ("HeroId", "ItemsId") VALUES (7, 59);
INSERT INTO "HeroExclusives" ("HeroId", "ItemsId") VALUES (7, 60);
INSERT INTO "HeroExclusives" ("HeroId", "ItemsId") VALUES (7, 61);
INSERT INTO "HeroExclusives" ("HeroId", "ItemsId") VALUES (7, 62);
INSERT INTO "HeroExclusives" ("HeroId", "ItemsId") VALUES (7, 63);
INSERT INTO "HeroExclusives" ("HeroId", "ItemsId") VALUES (7, 64);
INSERT INTO "HeroExclusives" ("HeroId", "ItemsId") VALUES (7, 65);
INSERT INTO "HeroExclusives" ("HeroId", "ItemsId") VALUES (7, 66);
INSERT INTO "HeroExclusives" ("HeroId", "ItemsId") VALUES (7, 67);
INSERT INTO "HeroExclusives" ("HeroId", "ItemsId") VALUES (7, 68);
INSERT INTO "HeroExclusives" ("HeroId", "ItemsId") VALUES (7, 69);
INSERT INTO "HeroExclusives" ("HeroId", "ItemsId") VALUES (7, 70);
INSERT INTO "HeroExclusives" ("HeroId", "ItemsId") VALUES (7, 71);
INSERT INTO "HeroExclusives" ("HeroId", "ItemsId") VALUES (7, 72);
INSERT INTO "HeroExclusives" ("HeroId", "ItemsId") VALUES (7, 73);
INSERT INTO "HeroExclusives" ("HeroId", "ItemsId") VALUES (7, 74);
INSERT INTO "HeroExclusives" ("HeroId", "ItemsId") VALUES (7, 75);
INSERT INTO "HeroExclusives" ("HeroId", "ItemsId") VALUES (7, 76);
INSERT INTO "HeroExclusives" ("HeroId", "ItemsId") VALUES (7, 77);
INSERT INTO "HeroExclusives" ("HeroId", "ItemsId") VALUES (7, 78);
INSERT INTO "HeroExclusives" ("HeroId", "ItemsId") VALUES (7, 79);
INSERT INTO "HeroExclusives" ("HeroId", "ItemsId") VALUES (7, 80);
INSERT INTO "HeroExclusives" ("HeroId", "ItemsId") VALUES (7, 81);
INSERT INTO "HeroExclusives" ("HeroId", "ItemsId") VALUES (7, 82);
INSERT INTO "HeroExclusives" ("HeroId", "ItemsId") VALUES (7, 83);
INSERT INTO "HeroExclusives" ("HeroId", "ItemsId") VALUES (7, 84);
INSERT INTO "HeroExclusives" ("HeroId", "ItemsId") VALUES (7, 85);
INSERT INTO "HeroExclusives" ("HeroId", "ItemsId") VALUES (7, 86);
INSERT INTO "HeroExclusives" ("HeroId", "ItemsId") VALUES (7, 87);
INSERT INTO "HeroExclusives" ("HeroId", "ItemsId") VALUES (7, 88);
INSERT INTO "HeroExclusives" ("HeroId", "ItemsId") VALUES (7, 89);
INSERT INTO "HeroExclusives" ("HeroId", "ItemsId") VALUES (7, 90);
INSERT INTO "HeroExclusives" ("HeroId", "ItemsId") VALUES (7, 91);
INSERT INTO "HeroExclusives" ("HeroId", "ItemsId") VALUES (7, 92);
INSERT INTO "HeroExclusives" ("HeroId", "ItemsId") VALUES (7, 93);
INSERT INTO "HeroExclusives" ("HeroId", "ItemsId") VALUES (8, 1);
INSERT INTO "HeroExclusives" ("HeroId", "ItemsId") VALUES (8, 2);
INSERT INTO "HeroExclusives" ("HeroId", "ItemsId") VALUES (8, 3);
INSERT INTO "HeroExclusives" ("HeroId", "ItemsId") VALUES (8, 4);
INSERT INTO "HeroExclusives" ("HeroId", "ItemsId") VALUES (8, 5);
INSERT INTO "HeroExclusives" ("HeroId", "ItemsId") VALUES (8, 6);
INSERT INTO "HeroExclusives" ("HeroId", "ItemsId") VALUES (8, 7);
INSERT INTO "HeroExclusives" ("HeroId", "ItemsId") VALUES (8, 8);
INSERT INTO "HeroExclusives" ("HeroId", "ItemsId") VALUES (8, 9);
INSERT INTO "HeroExclusives" ("HeroId", "ItemsId") VALUES (8, 10);
INSERT INTO "HeroExclusives" ("HeroId", "ItemsId") VALUES (8, 11);
INSERT INTO "HeroExclusives" ("HeroId", "ItemsId") VALUES (8, 12);
INSERT INTO "HeroExclusives" ("HeroId", "ItemsId") VALUES (8, 13);
INSERT INTO "HeroExclusives" ("HeroId", "ItemsId") VALUES (8, 14);
INSERT INTO "HeroExclusives" ("HeroId", "ItemsId") VALUES (8, 15);
INSERT INTO "HeroExclusives" ("HeroId", "ItemsId") VALUES (8, 16);
INSERT INTO "HeroExclusives" ("HeroId", "ItemsId") VALUES (8, 17);
INSERT INTO "HeroExclusives" ("HeroId", "ItemsId") VALUES (8, 18);
INSERT INTO "HeroExclusives" ("HeroId", "ItemsId") VALUES (8, 19);
INSERT INTO "HeroExclusives" ("HeroId", "ItemsId") VALUES (8, 20);
INSERT INTO "HeroExclusives" ("HeroId", "ItemsId") VALUES (8, 21);
INSERT INTO "HeroExclusives" ("HeroId", "ItemsId") VALUES (8, 22);
INSERT INTO "HeroExclusives" ("HeroId", "ItemsId") VALUES (8, 23);
INSERT INTO "HeroExclusives" ("HeroId", "ItemsId") VALUES (8, 24);
INSERT INTO "HeroExclusives" ("HeroId", "ItemsId") VALUES (8, 25);
INSERT INTO "HeroExclusives" ("HeroId", "ItemsId") VALUES (8, 26);
INSERT INTO "HeroExclusives" ("HeroId", "ItemsId") VALUES (8, 27);
INSERT INTO "HeroExclusives" ("HeroId", "ItemsId") VALUES (8, 28);
INSERT INTO "HeroExclusives" ("HeroId", "ItemsId") VALUES (8, 29);
INSERT INTO "HeroExclusives" ("HeroId", "ItemsId") VALUES (8, 30);
INSERT INTO "HeroExclusives" ("HeroId", "ItemsId") VALUES (8, 31);
INSERT INTO "HeroExclusives" ("HeroId", "ItemsId") VALUES (8, 32);
INSERT INTO "HeroExclusives" ("HeroId", "ItemsId") VALUES (8, 33);
INSERT INTO "HeroExclusives" ("HeroId", "ItemsId") VALUES (8, 34);
INSERT INTO "HeroExclusives" ("HeroId", "ItemsId") VALUES (8, 35);
INSERT INTO "HeroExclusives" ("HeroId", "ItemsId") VALUES (8, 36);
INSERT INTO "HeroExclusives" ("HeroId", "ItemsId") VALUES (8, 37);
INSERT INTO "HeroExclusives" ("HeroId", "ItemsId") VALUES (8, 38);
INSERT INTO "HeroExclusives" ("HeroId", "ItemsId") VALUES (8, 39);
INSERT INTO "HeroExclusives" ("HeroId", "ItemsId") VALUES (8, 40);
INSERT INTO "HeroExclusives" ("HeroId", "ItemsId") VALUES (8, 41);
INSERT INTO "HeroExclusives" ("HeroId", "ItemsId") VALUES (8, 42);
INSERT INTO "HeroExclusives" ("HeroId", "ItemsId") VALUES (8, 43);
INSERT INTO "HeroExclusives" ("HeroId", "ItemsId") VALUES (8, 44);
INSERT INTO "HeroExclusives" ("HeroId", "ItemsId") VALUES (8, 45);
INSERT INTO "HeroExclusives" ("HeroId", "ItemsId") VALUES (8, 46);
INSERT INTO "HeroExclusives" ("HeroId", "ItemsId") VALUES (8, 47);
INSERT INTO "HeroExclusives" ("HeroId", "ItemsId") VALUES (8, 48);
INSERT INTO "HeroExclusives" ("HeroId", "ItemsId") VALUES (8, 49);
INSERT INTO "HeroExclusives" ("HeroId", "ItemsId") VALUES (8, 50);
INSERT INTO "HeroExclusives" ("HeroId", "ItemsId") VALUES (8, 51);
INSERT INTO "HeroExclusives" ("HeroId", "ItemsId") VALUES (8, 52);
INSERT INTO "HeroExclusives" ("HeroId", "ItemsId") VALUES (8, 53);
INSERT INTO "HeroExclusives" ("HeroId", "ItemsId") VALUES (8, 54);
INSERT INTO "HeroExclusives" ("HeroId", "ItemsId") VALUES (8, 55);
INSERT INTO "HeroExclusives" ("HeroId", "ItemsId") VALUES (8, 56);
INSERT INTO "HeroExclusives" ("HeroId", "ItemsId") VALUES (8, 57);
INSERT INTO "HeroExclusives" ("HeroId", "ItemsId") VALUES (8, 58);
INSERT INTO "HeroExclusives" ("HeroId", "ItemsId") VALUES (8, 59);
INSERT INTO "HeroExclusives" ("HeroId", "ItemsId") VALUES (8, 60);
INSERT INTO "HeroExclusives" ("HeroId", "ItemsId") VALUES (8, 61);
INSERT INTO "HeroExclusives" ("HeroId", "ItemsId") VALUES (8, 62);
INSERT INTO "HeroExclusives" ("HeroId", "ItemsId") VALUES (8, 63);
INSERT INTO "HeroExclusives" ("HeroId", "ItemsId") VALUES (8, 64);
INSERT INTO "HeroExclusives" ("HeroId", "ItemsId") VALUES (8, 65);
INSERT INTO "HeroExclusives" ("HeroId", "ItemsId") VALUES (8, 66);
INSERT INTO "HeroExclusives" ("HeroId", "ItemsId") VALUES (8, 67);
INSERT INTO "HeroExclusives" ("HeroId", "ItemsId") VALUES (8, 68);
INSERT INTO "HeroExclusives" ("HeroId", "ItemsId") VALUES (8, 69);
INSERT INTO "HeroExclusives" ("HeroId", "ItemsId") VALUES (8, 70);
INSERT INTO "HeroExclusives" ("HeroId", "ItemsId") VALUES (8, 71);
INSERT INTO "HeroExclusives" ("HeroId", "ItemsId") VALUES (8, 72);
INSERT INTO "HeroExclusives" ("HeroId", "ItemsId") VALUES (8, 73);
INSERT INTO "HeroExclusives" ("HeroId", "ItemsId") VALUES (8, 74);
INSERT INTO "HeroExclusives" ("HeroId", "ItemsId") VALUES (8, 75);
INSERT INTO "HeroExclusives" ("HeroId", "ItemsId") VALUES (8, 76);
INSERT INTO "HeroExclusives" ("HeroId", "ItemsId") VALUES (8, 77);
INSERT INTO "HeroExclusives" ("HeroId", "ItemsId") VALUES (8, 78);
INSERT INTO "HeroExclusives" ("HeroId", "ItemsId") VALUES (8, 79);
INSERT INTO "HeroExclusives" ("HeroId", "ItemsId") VALUES (8, 80);
INSERT INTO "HeroExclusives" ("HeroId", "ItemsId") VALUES (8, 81);
INSERT INTO "HeroExclusives" ("HeroId", "ItemsId") VALUES (8, 82);
INSERT INTO "HeroExclusives" ("HeroId", "ItemsId") VALUES (8, 83);
INSERT INTO "HeroExclusives" ("HeroId", "ItemsId") VALUES (8, 84);
INSERT INTO "HeroExclusives" ("HeroId", "ItemsId") VALUES (8, 85);
INSERT INTO "HeroExclusives" ("HeroId", "ItemsId") VALUES (8, 86);
INSERT INTO "HeroExclusives" ("HeroId", "ItemsId") VALUES (8, 87);
INSERT INTO "HeroExclusives" ("HeroId", "ItemsId") VALUES (8, 88);
INSERT INTO "HeroExclusives" ("HeroId", "ItemsId") VALUES (8, 89);
INSERT INTO "HeroExclusives" ("HeroId", "ItemsId") VALUES (8, 90);
INSERT INTO "HeroExclusives" ("HeroId", "ItemsId") VALUES (8, 91);
INSERT INTO "HeroExclusives" ("HeroId", "ItemsId") VALUES (8, 92);
INSERT INTO "HeroExclusives" ("HeroId", "ItemsId") VALUES (8, 93);
INSERT INTO "HeroExclusives" ("HeroId", "ItemsId") VALUES (9, 1);
INSERT INTO "HeroExclusives" ("HeroId", "ItemsId") VALUES (9, 2);
INSERT INTO "HeroExclusives" ("HeroId", "ItemsId") VALUES (9, 3);
INSERT INTO "HeroExclusives" ("HeroId", "ItemsId") VALUES (9, 4);
INSERT INTO "HeroExclusives" ("HeroId", "ItemsId") VALUES (9, 5);
INSERT INTO "HeroExclusives" ("HeroId", "ItemsId") VALUES (9, 6);
INSERT INTO "HeroExclusives" ("HeroId", "ItemsId") VALUES (9, 7);
INSERT INTO "HeroExclusives" ("HeroId", "ItemsId") VALUES (9, 8);
INSERT INTO "HeroExclusives" ("HeroId", "ItemsId") VALUES (9, 9);
INSERT INTO "HeroExclusives" ("HeroId", "ItemsId") VALUES (9, 10);
INSERT INTO "HeroExclusives" ("HeroId", "ItemsId") VALUES (9, 11);
INSERT INTO "HeroExclusives" ("HeroId", "ItemsId") VALUES (9, 12);
INSERT INTO "HeroExclusives" ("HeroId", "ItemsId") VALUES (9, 13);
INSERT INTO "HeroExclusives" ("HeroId", "ItemsId") VALUES (9, 14);
INSERT INTO "HeroExclusives" ("HeroId", "ItemsId") VALUES (9, 15);
INSERT INTO "HeroExclusives" ("HeroId", "ItemsId") VALUES (9, 16);
INSERT INTO "HeroExclusives" ("HeroId", "ItemsId") VALUES (9, 17);
INSERT INTO "HeroExclusives" ("HeroId", "ItemsId") VALUES (9, 18);
INSERT INTO "HeroExclusives" ("HeroId", "ItemsId") VALUES (9, 19);
INSERT INTO "HeroExclusives" ("HeroId", "ItemsId") VALUES (9, 20);
INSERT INTO "HeroExclusives" ("HeroId", "ItemsId") VALUES (9, 21);
INSERT INTO "HeroExclusives" ("HeroId", "ItemsId") VALUES (9, 22);
INSERT INTO "HeroExclusives" ("HeroId", "ItemsId") VALUES (9, 23);
INSERT INTO "HeroExclusives" ("HeroId", "ItemsId") VALUES (9, 24);
INSERT INTO "HeroExclusives" ("HeroId", "ItemsId") VALUES (9, 25);
INSERT INTO "HeroExclusives" ("HeroId", "ItemsId") VALUES (9, 26);
INSERT INTO "HeroExclusives" ("HeroId", "ItemsId") VALUES (9, 27);
INSERT INTO "HeroExclusives" ("HeroId", "ItemsId") VALUES (9, 28);
INSERT INTO "HeroExclusives" ("HeroId", "ItemsId") VALUES (9, 29);
INSERT INTO "HeroExclusives" ("HeroId", "ItemsId") VALUES (9, 30);
INSERT INTO "HeroExclusives" ("HeroId", "ItemsId") VALUES (9, 31);
INSERT INTO "HeroExclusives" ("HeroId", "ItemsId") VALUES (9, 32);
INSERT INTO "HeroExclusives" ("HeroId", "ItemsId") VALUES (9, 33);
INSERT INTO "HeroExclusives" ("HeroId", "ItemsId") VALUES (9, 34);
INSERT INTO "HeroExclusives" ("HeroId", "ItemsId") VALUES (9, 35);
INSERT INTO "HeroExclusives" ("HeroId", "ItemsId") VALUES (9, 36);
INSERT INTO "HeroExclusives" ("HeroId", "ItemsId") VALUES (9, 37);
INSERT INTO "HeroExclusives" ("HeroId", "ItemsId") VALUES (9, 38);
INSERT INTO "HeroExclusives" ("HeroId", "ItemsId") VALUES (9, 39);
INSERT INTO "HeroExclusives" ("HeroId", "ItemsId") VALUES (9, 40);
INSERT INTO "HeroExclusives" ("HeroId", "ItemsId") VALUES (9, 41);
INSERT INTO "HeroExclusives" ("HeroId", "ItemsId") VALUES (9, 42);
INSERT INTO "HeroExclusives" ("HeroId", "ItemsId") VALUES (9, 43);
INSERT INTO "HeroExclusives" ("HeroId", "ItemsId") VALUES (9, 44);
INSERT INTO "HeroExclusives" ("HeroId", "ItemsId") VALUES (9, 45);
INSERT INTO "HeroExclusives" ("HeroId", "ItemsId") VALUES (9, 46);
INSERT INTO "HeroExclusives" ("HeroId", "ItemsId") VALUES (9, 47);
INSERT INTO "HeroExclusives" ("HeroId", "ItemsId") VALUES (9, 48);
INSERT INTO "HeroExclusives" ("HeroId", "ItemsId") VALUES (9, 49);
INSERT INTO "HeroExclusives" ("HeroId", "ItemsId") VALUES (9, 50);
INSERT INTO "HeroExclusives" ("HeroId", "ItemsId") VALUES (9, 51);
INSERT INTO "HeroExclusives" ("HeroId", "ItemsId") VALUES (9, 52);
INSERT INTO "HeroExclusives" ("HeroId", "ItemsId") VALUES (9, 53);
INSERT INTO "HeroExclusives" ("HeroId", "ItemsId") VALUES (9, 54);
INSERT INTO "HeroExclusives" ("HeroId", "ItemsId") VALUES (9, 55);
INSERT INTO "HeroExclusives" ("HeroId", "ItemsId") VALUES (9, 56);
INSERT INTO "HeroExclusives" ("HeroId", "ItemsId") VALUES (9, 57);
INSERT INTO "HeroExclusives" ("HeroId", "ItemsId") VALUES (9, 58);
INSERT INTO "HeroExclusives" ("HeroId", "ItemsId") VALUES (9, 59);
INSERT INTO "HeroExclusives" ("HeroId", "ItemsId") VALUES (9, 60);
INSERT INTO "HeroExclusives" ("HeroId", "ItemsId") VALUES (9, 61);
INSERT INTO "HeroExclusives" ("HeroId", "ItemsId") VALUES (9, 62);
INSERT INTO "HeroExclusives" ("HeroId", "ItemsId") VALUES (9, 63);
INSERT INTO "HeroExclusives" ("HeroId", "ItemsId") VALUES (9, 64);
INSERT INTO "HeroExclusives" ("HeroId", "ItemsId") VALUES (9, 65);
INSERT INTO "HeroExclusives" ("HeroId", "ItemsId") VALUES (9, 66);
INSERT INTO "HeroExclusives" ("HeroId", "ItemsId") VALUES (9, 67);
INSERT INTO "HeroExclusives" ("HeroId", "ItemsId") VALUES (9, 68);
INSERT INTO "HeroExclusives" ("HeroId", "ItemsId") VALUES (9, 69);
INSERT INTO "HeroExclusives" ("HeroId", "ItemsId") VALUES (9, 70);
INSERT INTO "HeroExclusives" ("HeroId", "ItemsId") VALUES (9, 71);
INSERT INTO "HeroExclusives" ("HeroId", "ItemsId") VALUES (9, 72);
INSERT INTO "HeroExclusives" ("HeroId", "ItemsId") VALUES (9, 73);
INSERT INTO "HeroExclusives" ("HeroId", "ItemsId") VALUES (9, 74);
INSERT INTO "HeroExclusives" ("HeroId", "ItemsId") VALUES (9, 75);
INSERT INTO "HeroExclusives" ("HeroId", "ItemsId") VALUES (9, 76);
INSERT INTO "HeroExclusives" ("HeroId", "ItemsId") VALUES (9, 77);
INSERT INTO "HeroExclusives" ("HeroId", "ItemsId") VALUES (9, 78);
INSERT INTO "HeroExclusives" ("HeroId", "ItemsId") VALUES (9, 79);
INSERT INTO "HeroExclusives" ("HeroId", "ItemsId") VALUES (9, 80);
INSERT INTO "HeroExclusives" ("HeroId", "ItemsId") VALUES (9, 81);
INSERT INTO "HeroExclusives" ("HeroId", "ItemsId") VALUES (9, 82);
INSERT INTO "HeroExclusives" ("HeroId", "ItemsId") VALUES (9, 83);
INSERT INTO "HeroExclusives" ("HeroId", "ItemsId") VALUES (9, 84);
INSERT INTO "HeroExclusives" ("HeroId", "ItemsId") VALUES (9, 85);
INSERT INTO "HeroExclusives" ("HeroId", "ItemsId") VALUES (9, 86);
INSERT INTO "HeroExclusives" ("HeroId", "ItemsId") VALUES (9, 87);
INSERT INTO "HeroExclusives" ("HeroId", "ItemsId") VALUES (9, 88);
INSERT INTO "HeroExclusives" ("HeroId", "ItemsId") VALUES (9, 89);
INSERT INTO "HeroExclusives" ("HeroId", "ItemsId") VALUES (9, 90);
INSERT INTO "HeroExclusives" ("HeroId", "ItemsId") VALUES (9, 91);
INSERT INTO "HeroExclusives" ("HeroId", "ItemsId") VALUES (9, 92);
INSERT INTO "HeroExclusives" ("HeroId", "ItemsId") VALUES (9, 93);
INSERT INTO "HeroExclusives" ("HeroId", "ItemsId") VALUES (10, 1);
INSERT INTO "HeroExclusives" ("HeroId", "ItemsId") VALUES (10, 2);
INSERT INTO "HeroExclusives" ("HeroId", "ItemsId") VALUES (10, 3);
INSERT INTO "HeroExclusives" ("HeroId", "ItemsId") VALUES (10, 4);
INSERT INTO "HeroExclusives" ("HeroId", "ItemsId") VALUES (10, 5);
INSERT INTO "HeroExclusives" ("HeroId", "ItemsId") VALUES (10, 6);
INSERT INTO "HeroExclusives" ("HeroId", "ItemsId") VALUES (10, 7);
INSERT INTO "HeroExclusives" ("HeroId", "ItemsId") VALUES (10, 8);
INSERT INTO "HeroExclusives" ("HeroId", "ItemsId") VALUES (10, 9);
INSERT INTO "HeroExclusives" ("HeroId", "ItemsId") VALUES (10, 10);
INSERT INTO "HeroExclusives" ("HeroId", "ItemsId") VALUES (10, 11);
INSERT INTO "HeroExclusives" ("HeroId", "ItemsId") VALUES (10, 12);
INSERT INTO "HeroExclusives" ("HeroId", "ItemsId") VALUES (10, 13);
INSERT INTO "HeroExclusives" ("HeroId", "ItemsId") VALUES (10, 14);
INSERT INTO "HeroExclusives" ("HeroId", "ItemsId") VALUES (10, 15);
INSERT INTO "HeroExclusives" ("HeroId", "ItemsId") VALUES (10, 16);
INSERT INTO "HeroExclusives" ("HeroId", "ItemsId") VALUES (10, 17);
INSERT INTO "HeroExclusives" ("HeroId", "ItemsId") VALUES (10, 18);
INSERT INTO "HeroExclusives" ("HeroId", "ItemsId") VALUES (10, 19);
INSERT INTO "HeroExclusives" ("HeroId", "ItemsId") VALUES (10, 20);
INSERT INTO "HeroExclusives" ("HeroId", "ItemsId") VALUES (10, 21);
INSERT INTO "HeroExclusives" ("HeroId", "ItemsId") VALUES (10, 22);
INSERT INTO "HeroExclusives" ("HeroId", "ItemsId") VALUES (10, 23);
INSERT INTO "HeroExclusives" ("HeroId", "ItemsId") VALUES (10, 24);
INSERT INTO "HeroExclusives" ("HeroId", "ItemsId") VALUES (10, 25);
INSERT INTO "HeroExclusives" ("HeroId", "ItemsId") VALUES (10, 26);
INSERT INTO "HeroExclusives" ("HeroId", "ItemsId") VALUES (10, 27);
INSERT INTO "HeroExclusives" ("HeroId", "ItemsId") VALUES (10, 28);
INSERT INTO "HeroExclusives" ("HeroId", "ItemsId") VALUES (10, 29);
INSERT INTO "HeroExclusives" ("HeroId", "ItemsId") VALUES (10, 30);
INSERT INTO "HeroExclusives" ("HeroId", "ItemsId") VALUES (10, 31);
INSERT INTO "HeroExclusives" ("HeroId", "ItemsId") VALUES (10, 32);
INSERT INTO "HeroExclusives" ("HeroId", "ItemsId") VALUES (10, 33);
INSERT INTO "HeroExclusives" ("HeroId", "ItemsId") VALUES (10, 34);
INSERT INTO "HeroExclusives" ("HeroId", "ItemsId") VALUES (10, 35);
INSERT INTO "HeroExclusives" ("HeroId", "ItemsId") VALUES (10, 36);
INSERT INTO "HeroExclusives" ("HeroId", "ItemsId") VALUES (10, 37);
INSERT INTO "HeroExclusives" ("HeroId", "ItemsId") VALUES (10, 38);
INSERT INTO "HeroExclusives" ("HeroId", "ItemsId") VALUES (10, 39);
INSERT INTO "HeroExclusives" ("HeroId", "ItemsId") VALUES (10, 40);
INSERT INTO "HeroExclusives" ("HeroId", "ItemsId") VALUES (10, 41);
INSERT INTO "HeroExclusives" ("HeroId", "ItemsId") VALUES (10, 42);
INSERT INTO "HeroExclusives" ("HeroId", "ItemsId") VALUES (10, 43);
INSERT INTO "HeroExclusives" ("HeroId", "ItemsId") VALUES (10, 44);
INSERT INTO "HeroExclusives" ("HeroId", "ItemsId") VALUES (10, 45);
INSERT INTO "HeroExclusives" ("HeroId", "ItemsId") VALUES (10, 46);
INSERT INTO "HeroExclusives" ("HeroId", "ItemsId") VALUES (10, 47);
INSERT INTO "HeroExclusives" ("HeroId", "ItemsId") VALUES (10, 48);
INSERT INTO "HeroExclusives" ("HeroId", "ItemsId") VALUES (10, 49);
INSERT INTO "HeroExclusives" ("HeroId", "ItemsId") VALUES (10, 50);
INSERT INTO "HeroExclusives" ("HeroId", "ItemsId") VALUES (10, 51);
INSERT INTO "HeroExclusives" ("HeroId", "ItemsId") VALUES (10, 52);
INSERT INTO "HeroExclusives" ("HeroId", "ItemsId") VALUES (10, 53);
INSERT INTO "HeroExclusives" ("HeroId", "ItemsId") VALUES (10, 54);
INSERT INTO "HeroExclusives" ("HeroId", "ItemsId") VALUES (10, 55);
INSERT INTO "HeroExclusives" ("HeroId", "ItemsId") VALUES (10, 56);
INSERT INTO "HeroExclusives" ("HeroId", "ItemsId") VALUES (10, 57);
INSERT INTO "HeroExclusives" ("HeroId", "ItemsId") VALUES (10, 58);
INSERT INTO "HeroExclusives" ("HeroId", "ItemsId") VALUES (10, 59);
INSERT INTO "HeroExclusives" ("HeroId", "ItemsId") VALUES (10, 60);
INSERT INTO "HeroExclusives" ("HeroId", "ItemsId") VALUES (10, 61);
INSERT INTO "HeroExclusives" ("HeroId", "ItemsId") VALUES (10, 62);
INSERT INTO "HeroExclusives" ("HeroId", "ItemsId") VALUES (10, 63);
INSERT INTO "HeroExclusives" ("HeroId", "ItemsId") VALUES (10, 64);
INSERT INTO "HeroExclusives" ("HeroId", "ItemsId") VALUES (10, 65);
INSERT INTO "HeroExclusives" ("HeroId", "ItemsId") VALUES (10, 66);
INSERT INTO "HeroExclusives" ("HeroId", "ItemsId") VALUES (10, 67);
INSERT INTO "HeroExclusives" ("HeroId", "ItemsId") VALUES (10, 68);
INSERT INTO "HeroExclusives" ("HeroId", "ItemsId") VALUES (10, 69);
INSERT INTO "HeroExclusives" ("HeroId", "ItemsId") VALUES (10, 70);
INSERT INTO "HeroExclusives" ("HeroId", "ItemsId") VALUES (10, 71);
INSERT INTO "HeroExclusives" ("HeroId", "ItemsId") VALUES (10, 72);
INSERT INTO "HeroExclusives" ("HeroId", "ItemsId") VALUES (10, 73);
INSERT INTO "HeroExclusives" ("HeroId", "ItemsId") VALUES (10, 74);
INSERT INTO "HeroExclusives" ("HeroId", "ItemsId") VALUES (10, 75);
INSERT INTO "HeroExclusives" ("HeroId", "ItemsId") VALUES (10, 76);
INSERT INTO "HeroExclusives" ("HeroId", "ItemsId") VALUES (10, 77);
INSERT INTO "HeroExclusives" ("HeroId", "ItemsId") VALUES (10, 78);
INSERT INTO "HeroExclusives" ("HeroId", "ItemsId") VALUES (10, 79);
INSERT INTO "HeroExclusives" ("HeroId", "ItemsId") VALUES (10, 80);
INSERT INTO "HeroExclusives" ("HeroId", "ItemsId") VALUES (10, 81);
INSERT INTO "HeroExclusives" ("HeroId", "ItemsId") VALUES (10, 82);
INSERT INTO "HeroExclusives" ("HeroId", "ItemsId") VALUES (10, 83);
INSERT INTO "HeroExclusives" ("HeroId", "ItemsId") VALUES (10, 84);
INSERT INTO "HeroExclusives" ("HeroId", "ItemsId") VALUES (10, 85);
INSERT INTO "HeroExclusives" ("HeroId", "ItemsId") VALUES (10, 86);
INSERT INTO "HeroExclusives" ("HeroId", "ItemsId") VALUES (10, 87);
INSERT INTO "HeroExclusives" ("HeroId", "ItemsId") VALUES (10, 88);
INSERT INTO "HeroExclusives" ("HeroId", "ItemsId") VALUES (10, 89);
INSERT INTO "HeroExclusives" ("HeroId", "ItemsId") VALUES (10, 90);
INSERT INTO "HeroExclusives" ("HeroId", "ItemsId") VALUES (10, 91);
INSERT INTO "HeroExclusives" ("HeroId", "ItemsId") VALUES (10, 92);
INSERT INTO "HeroExclusives" ("HeroId", "ItemsId") VALUES (10, 93);
INSERT INTO "HeroExclusives" ("HeroId", "ItemsId") VALUES (11, 1);
INSERT INTO "HeroExclusives" ("HeroId", "ItemsId") VALUES (11, 2);
INSERT INTO "HeroExclusives" ("HeroId", "ItemsId") VALUES (11, 3);
INSERT INTO "HeroExclusives" ("HeroId", "ItemsId") VALUES (11, 4);
INSERT INTO "HeroExclusives" ("HeroId", "ItemsId") VALUES (11, 5);
INSERT INTO "HeroExclusives" ("HeroId", "ItemsId") VALUES (11, 6);
INSERT INTO "HeroExclusives" ("HeroId", "ItemsId") VALUES (11, 7);
INSERT INTO "HeroExclusives" ("HeroId", "ItemsId") VALUES (11, 8);
INSERT INTO "HeroExclusives" ("HeroId", "ItemsId") VALUES (11, 9);
INSERT INTO "HeroExclusives" ("HeroId", "ItemsId") VALUES (11, 10);
INSERT INTO "HeroExclusives" ("HeroId", "ItemsId") VALUES (11, 11);
INSERT INTO "HeroExclusives" ("HeroId", "ItemsId") VALUES (11, 12);
INSERT INTO "HeroExclusives" ("HeroId", "ItemsId") VALUES (11, 13);
INSERT INTO "HeroExclusives" ("HeroId", "ItemsId") VALUES (11, 14);
INSERT INTO "HeroExclusives" ("HeroId", "ItemsId") VALUES (11, 15);
INSERT INTO "HeroExclusives" ("HeroId", "ItemsId") VALUES (11, 16);
INSERT INTO "HeroExclusives" ("HeroId", "ItemsId") VALUES (11, 17);
INSERT INTO "HeroExclusives" ("HeroId", "ItemsId") VALUES (11, 18);
INSERT INTO "HeroExclusives" ("HeroId", "ItemsId") VALUES (11, 19);
INSERT INTO "HeroExclusives" ("HeroId", "ItemsId") VALUES (11, 20);
INSERT INTO "HeroExclusives" ("HeroId", "ItemsId") VALUES (11, 21);
INSERT INTO "HeroExclusives" ("HeroId", "ItemsId") VALUES (11, 22);
INSERT INTO "HeroExclusives" ("HeroId", "ItemsId") VALUES (11, 23);
INSERT INTO "HeroExclusives" ("HeroId", "ItemsId") VALUES (11, 24);
INSERT INTO "HeroExclusives" ("HeroId", "ItemsId") VALUES (11, 25);
INSERT INTO "HeroExclusives" ("HeroId", "ItemsId") VALUES (11, 26);
INSERT INTO "HeroExclusives" ("HeroId", "ItemsId") VALUES (11, 27);
INSERT INTO "HeroExclusives" ("HeroId", "ItemsId") VALUES (11, 28);
INSERT INTO "HeroExclusives" ("HeroId", "ItemsId") VALUES (11, 29);
INSERT INTO "HeroExclusives" ("HeroId", "ItemsId") VALUES (11, 30);
INSERT INTO "HeroExclusives" ("HeroId", "ItemsId") VALUES (11, 31);
INSERT INTO "HeroExclusives" ("HeroId", "ItemsId") VALUES (11, 32);
INSERT INTO "HeroExclusives" ("HeroId", "ItemsId") VALUES (11, 33);
INSERT INTO "HeroExclusives" ("HeroId", "ItemsId") VALUES (11, 34);
INSERT INTO "HeroExclusives" ("HeroId", "ItemsId") VALUES (11, 35);
INSERT INTO "HeroExclusives" ("HeroId", "ItemsId") VALUES (11, 36);
INSERT INTO "HeroExclusives" ("HeroId", "ItemsId") VALUES (11, 37);
INSERT INTO "HeroExclusives" ("HeroId", "ItemsId") VALUES (11, 38);
INSERT INTO "HeroExclusives" ("HeroId", "ItemsId") VALUES (11, 39);
INSERT INTO "HeroExclusives" ("HeroId", "ItemsId") VALUES (11, 40);
INSERT INTO "HeroExclusives" ("HeroId", "ItemsId") VALUES (11, 41);
INSERT INTO "HeroExclusives" ("HeroId", "ItemsId") VALUES (11, 42);
INSERT INTO "HeroExclusives" ("HeroId", "ItemsId") VALUES (11, 43);
INSERT INTO "HeroExclusives" ("HeroId", "ItemsId") VALUES (11, 44);
INSERT INTO "HeroExclusives" ("HeroId", "ItemsId") VALUES (11, 45);
INSERT INTO "HeroExclusives" ("HeroId", "ItemsId") VALUES (11, 46);
INSERT INTO "HeroExclusives" ("HeroId", "ItemsId") VALUES (11, 47);
INSERT INTO "HeroExclusives" ("HeroId", "ItemsId") VALUES (11, 48);
INSERT INTO "HeroExclusives" ("HeroId", "ItemsId") VALUES (11, 49);
INSERT INTO "HeroExclusives" ("HeroId", "ItemsId") VALUES (11, 50);
INSERT INTO "HeroExclusives" ("HeroId", "ItemsId") VALUES (11, 51);
INSERT INTO "HeroExclusives" ("HeroId", "ItemsId") VALUES (11, 52);
INSERT INTO "HeroExclusives" ("HeroId", "ItemsId") VALUES (11, 53);
INSERT INTO "HeroExclusives" ("HeroId", "ItemsId") VALUES (11, 54);
INSERT INTO "HeroExclusives" ("HeroId", "ItemsId") VALUES (11, 55);
INSERT INTO "HeroExclusives" ("HeroId", "ItemsId") VALUES (11, 56);
INSERT INTO "HeroExclusives" ("HeroId", "ItemsId") VALUES (11, 57);
INSERT INTO "HeroExclusives" ("HeroId", "ItemsId") VALUES (11, 58);
INSERT INTO "HeroExclusives" ("HeroId", "ItemsId") VALUES (11, 59);
INSERT INTO "HeroExclusives" ("HeroId", "ItemsId") VALUES (11, 60);
INSERT INTO "HeroExclusives" ("HeroId", "ItemsId") VALUES (11, 61);
INSERT INTO "HeroExclusives" ("HeroId", "ItemsId") VALUES (11, 62);
INSERT INTO "HeroExclusives" ("HeroId", "ItemsId") VALUES (11, 63);
INSERT INTO "HeroExclusives" ("HeroId", "ItemsId") VALUES (11, 64);
INSERT INTO "HeroExclusives" ("HeroId", "ItemsId") VALUES (11, 65);
INSERT INTO "HeroExclusives" ("HeroId", "ItemsId") VALUES (11, 66);
INSERT INTO "HeroExclusives" ("HeroId", "ItemsId") VALUES (11, 67);
INSERT INTO "HeroExclusives" ("HeroId", "ItemsId") VALUES (11, 68);
INSERT INTO "HeroExclusives" ("HeroId", "ItemsId") VALUES (11, 69);
INSERT INTO "HeroExclusives" ("HeroId", "ItemsId") VALUES (11, 70);
INSERT INTO "HeroExclusives" ("HeroId", "ItemsId") VALUES (11, 71);
INSERT INTO "HeroExclusives" ("HeroId", "ItemsId") VALUES (11, 72);
INSERT INTO "HeroExclusives" ("HeroId", "ItemsId") VALUES (11, 73);
INSERT INTO "HeroExclusives" ("HeroId", "ItemsId") VALUES (11, 74);
INSERT INTO "HeroExclusives" ("HeroId", "ItemsId") VALUES (11, 75);
INSERT INTO "HeroExclusives" ("HeroId", "ItemsId") VALUES (11, 76);
INSERT INTO "HeroExclusives" ("HeroId", "ItemsId") VALUES (11, 77);
INSERT INTO "HeroExclusives" ("HeroId", "ItemsId") VALUES (11, 78);
INSERT INTO "HeroExclusives" ("HeroId", "ItemsId") VALUES (11, 79);
INSERT INTO "HeroExclusives" ("HeroId", "ItemsId") VALUES (11, 80);
INSERT INTO "HeroExclusives" ("HeroId", "ItemsId") VALUES (11, 81);
INSERT INTO "HeroExclusives" ("HeroId", "ItemsId") VALUES (11, 82);
INSERT INTO "HeroExclusives" ("HeroId", "ItemsId") VALUES (11, 83);
INSERT INTO "HeroExclusives" ("HeroId", "ItemsId") VALUES (11, 84);
INSERT INTO "HeroExclusives" ("HeroId", "ItemsId") VALUES (11, 85);
INSERT INTO "HeroExclusives" ("HeroId", "ItemsId") VALUES (11, 86);
INSERT INTO "HeroExclusives" ("HeroId", "ItemsId") VALUES (11, 87);
INSERT INTO "HeroExclusives" ("HeroId", "ItemsId") VALUES (11, 88);
INSERT INTO "HeroExclusives" ("HeroId", "ItemsId") VALUES (11, 89);
INSERT INTO "HeroExclusives" ("HeroId", "ItemsId") VALUES (11, 90);
INSERT INTO "HeroExclusives" ("HeroId", "ItemsId") VALUES (11, 91);
INSERT INTO "HeroExclusives" ("HeroId", "ItemsId") VALUES (11, 92);
INSERT INTO "HeroExclusives" ("HeroId", "ItemsId") VALUES (11, 93);
INSERT INTO "HeroExclusives" ("HeroId", "ItemsId") VALUES (12, 1);
INSERT INTO "HeroExclusives" ("HeroId", "ItemsId") VALUES (12, 2);
INSERT INTO "HeroExclusives" ("HeroId", "ItemsId") VALUES (12, 3);
INSERT INTO "HeroExclusives" ("HeroId", "ItemsId") VALUES (12, 4);
INSERT INTO "HeroExclusives" ("HeroId", "ItemsId") VALUES (12, 5);
INSERT INTO "HeroExclusives" ("HeroId", "ItemsId") VALUES (12, 6);
INSERT INTO "HeroExclusives" ("HeroId", "ItemsId") VALUES (12, 7);
INSERT INTO "HeroExclusives" ("HeroId", "ItemsId") VALUES (12, 8);
INSERT INTO "HeroExclusives" ("HeroId", "ItemsId") VALUES (12, 9);
INSERT INTO "HeroExclusives" ("HeroId", "ItemsId") VALUES (12, 10);
INSERT INTO "HeroExclusives" ("HeroId", "ItemsId") VALUES (12, 11);
INSERT INTO "HeroExclusives" ("HeroId", "ItemsId") VALUES (12, 12);
INSERT INTO "HeroExclusives" ("HeroId", "ItemsId") VALUES (12, 13);
INSERT INTO "HeroExclusives" ("HeroId", "ItemsId") VALUES (12, 14);
INSERT INTO "HeroExclusives" ("HeroId", "ItemsId") VALUES (12, 15);
INSERT INTO "HeroExclusives" ("HeroId", "ItemsId") VALUES (12, 16);
INSERT INTO "HeroExclusives" ("HeroId", "ItemsId") VALUES (12, 17);
INSERT INTO "HeroExclusives" ("HeroId", "ItemsId") VALUES (12, 18);
INSERT INTO "HeroExclusives" ("HeroId", "ItemsId") VALUES (12, 19);
INSERT INTO "HeroExclusives" ("HeroId", "ItemsId") VALUES (12, 20);
INSERT INTO "HeroExclusives" ("HeroId", "ItemsId") VALUES (12, 21);
INSERT INTO "HeroExclusives" ("HeroId", "ItemsId") VALUES (12, 22);
INSERT INTO "HeroExclusives" ("HeroId", "ItemsId") VALUES (12, 23);
INSERT INTO "HeroExclusives" ("HeroId", "ItemsId") VALUES (12, 24);
INSERT INTO "HeroExclusives" ("HeroId", "ItemsId") VALUES (12, 25);
INSERT INTO "HeroExclusives" ("HeroId", "ItemsId") VALUES (12, 26);
INSERT INTO "HeroExclusives" ("HeroId", "ItemsId") VALUES (12, 27);
INSERT INTO "HeroExclusives" ("HeroId", "ItemsId") VALUES (12, 28);
INSERT INTO "HeroExclusives" ("HeroId", "ItemsId") VALUES (12, 29);
INSERT INTO "HeroExclusives" ("HeroId", "ItemsId") VALUES (12, 30);
INSERT INTO "HeroExclusives" ("HeroId", "ItemsId") VALUES (12, 31);
INSERT INTO "HeroExclusives" ("HeroId", "ItemsId") VALUES (12, 32);
INSERT INTO "HeroExclusives" ("HeroId", "ItemsId") VALUES (12, 33);
INSERT INTO "HeroExclusives" ("HeroId", "ItemsId") VALUES (12, 34);
INSERT INTO "HeroExclusives" ("HeroId", "ItemsId") VALUES (12, 35);
INSERT INTO "HeroExclusives" ("HeroId", "ItemsId") VALUES (12, 36);
INSERT INTO "HeroExclusives" ("HeroId", "ItemsId") VALUES (12, 37);
INSERT INTO "HeroExclusives" ("HeroId", "ItemsId") VALUES (12, 38);
INSERT INTO "HeroExclusives" ("HeroId", "ItemsId") VALUES (12, 39);
INSERT INTO "HeroExclusives" ("HeroId", "ItemsId") VALUES (12, 40);
INSERT INTO "HeroExclusives" ("HeroId", "ItemsId") VALUES (12, 41);
INSERT INTO "HeroExclusives" ("HeroId", "ItemsId") VALUES (12, 42);
INSERT INTO "HeroExclusives" ("HeroId", "ItemsId") VALUES (12, 43);
INSERT INTO "HeroExclusives" ("HeroId", "ItemsId") VALUES (12, 44);
INSERT INTO "HeroExclusives" ("HeroId", "ItemsId") VALUES (12, 45);
INSERT INTO "HeroExclusives" ("HeroId", "ItemsId") VALUES (12, 46);
INSERT INTO "HeroExclusives" ("HeroId", "ItemsId") VALUES (12, 47);
INSERT INTO "HeroExclusives" ("HeroId", "ItemsId") VALUES (12, 48);
INSERT INTO "HeroExclusives" ("HeroId", "ItemsId") VALUES (12, 49);
INSERT INTO "HeroExclusives" ("HeroId", "ItemsId") VALUES (12, 50);
INSERT INTO "HeroExclusives" ("HeroId", "ItemsId") VALUES (12, 51);
INSERT INTO "HeroExclusives" ("HeroId", "ItemsId") VALUES (12, 52);
INSERT INTO "HeroExclusives" ("HeroId", "ItemsId") VALUES (12, 53);
INSERT INTO "HeroExclusives" ("HeroId", "ItemsId") VALUES (12, 54);
INSERT INTO "HeroExclusives" ("HeroId", "ItemsId") VALUES (12, 55);
INSERT INTO "HeroExclusives" ("HeroId", "ItemsId") VALUES (12, 56);
INSERT INTO "HeroExclusives" ("HeroId", "ItemsId") VALUES (12, 57);
INSERT INTO "HeroExclusives" ("HeroId", "ItemsId") VALUES (12, 58);
INSERT INTO "HeroExclusives" ("HeroId", "ItemsId") VALUES (12, 59);
INSERT INTO "HeroExclusives" ("HeroId", "ItemsId") VALUES (12, 60);
INSERT INTO "HeroExclusives" ("HeroId", "ItemsId") VALUES (12, 61);
INSERT INTO "HeroExclusives" ("HeroId", "ItemsId") VALUES (12, 62);
INSERT INTO "HeroExclusives" ("HeroId", "ItemsId") VALUES (12, 63);
INSERT INTO "HeroExclusives" ("HeroId", "ItemsId") VALUES (12, 64);
INSERT INTO "HeroExclusives" ("HeroId", "ItemsId") VALUES (12, 65);
INSERT INTO "HeroExclusives" ("HeroId", "ItemsId") VALUES (12, 66);
INSERT INTO "HeroExclusives" ("HeroId", "ItemsId") VALUES (12, 67);
INSERT INTO "HeroExclusives" ("HeroId", "ItemsId") VALUES (12, 68);
INSERT INTO "HeroExclusives" ("HeroId", "ItemsId") VALUES (12, 69);
INSERT INTO "HeroExclusives" ("HeroId", "ItemsId") VALUES (12, 70);
INSERT INTO "HeroExclusives" ("HeroId", "ItemsId") VALUES (12, 71);
INSERT INTO "HeroExclusives" ("HeroId", "ItemsId") VALUES (12, 72);
INSERT INTO "HeroExclusives" ("HeroId", "ItemsId") VALUES (12, 73);
INSERT INTO "HeroExclusives" ("HeroId", "ItemsId") VALUES (12, 74);
INSERT INTO "HeroExclusives" ("HeroId", "ItemsId") VALUES (12, 75);
INSERT INTO "HeroExclusives" ("HeroId", "ItemsId") VALUES (12, 76);
INSERT INTO "HeroExclusives" ("HeroId", "ItemsId") VALUES (12, 77);
INSERT INTO "HeroExclusives" ("HeroId", "ItemsId") VALUES (12, 78);
INSERT INTO "HeroExclusives" ("HeroId", "ItemsId") VALUES (12, 79);
INSERT INTO "HeroExclusives" ("HeroId", "ItemsId") VALUES (12, 80);
INSERT INTO "HeroExclusives" ("HeroId", "ItemsId") VALUES (12, 81);
INSERT INTO "HeroExclusives" ("HeroId", "ItemsId") VALUES (12, 82);
INSERT INTO "HeroExclusives" ("HeroId", "ItemsId") VALUES (12, 83);
INSERT INTO "HeroExclusives" ("HeroId", "ItemsId") VALUES (12, 84);
INSERT INTO "HeroExclusives" ("HeroId", "ItemsId") VALUES (12, 85);
INSERT INTO "HeroExclusives" ("HeroId", "ItemsId") VALUES (12, 86);
INSERT INTO "HeroExclusives" ("HeroId", "ItemsId") VALUES (12, 87);
INSERT INTO "HeroExclusives" ("HeroId", "ItemsId") VALUES (12, 88);
INSERT INTO "HeroExclusives" ("HeroId", "ItemsId") VALUES (12, 89);
INSERT INTO "HeroExclusives" ("HeroId", "ItemsId") VALUES (12, 90);
INSERT INTO "HeroExclusives" ("HeroId", "ItemsId") VALUES (12, 91);
INSERT INTO "HeroExclusives" ("HeroId", "ItemsId") VALUES (12, 92);
INSERT INTO "HeroExclusives" ("HeroId", "ItemsId") VALUES (12, 93);
INSERT INTO "HeroExclusives" ("HeroId", "ItemsId") VALUES (13, 1);
INSERT INTO "HeroExclusives" ("HeroId", "ItemsId") VALUES (13, 2);
INSERT INTO "HeroExclusives" ("HeroId", "ItemsId") VALUES (13, 3);
INSERT INTO "HeroExclusives" ("HeroId", "ItemsId") VALUES (13, 4);
INSERT INTO "HeroExclusives" ("HeroId", "ItemsId") VALUES (13, 5);
INSERT INTO "HeroExclusives" ("HeroId", "ItemsId") VALUES (13, 6);
INSERT INTO "HeroExclusives" ("HeroId", "ItemsId") VALUES (13, 7);
INSERT INTO "HeroExclusives" ("HeroId", "ItemsId") VALUES (13, 8);
INSERT INTO "HeroExclusives" ("HeroId", "ItemsId") VALUES (13, 9);
INSERT INTO "HeroExclusives" ("HeroId", "ItemsId") VALUES (13, 10);
INSERT INTO "HeroExclusives" ("HeroId", "ItemsId") VALUES (13, 11);
INSERT INTO "HeroExclusives" ("HeroId", "ItemsId") VALUES (13, 12);
INSERT INTO "HeroExclusives" ("HeroId", "ItemsId") VALUES (13, 13);
INSERT INTO "HeroExclusives" ("HeroId", "ItemsId") VALUES (13, 14);
INSERT INTO "HeroExclusives" ("HeroId", "ItemsId") VALUES (13, 15);
INSERT INTO "HeroExclusives" ("HeroId", "ItemsId") VALUES (13, 16);
INSERT INTO "HeroExclusives" ("HeroId", "ItemsId") VALUES (13, 17);
INSERT INTO "HeroExclusives" ("HeroId", "ItemsId") VALUES (13, 18);
INSERT INTO "HeroExclusives" ("HeroId", "ItemsId") VALUES (13, 19);
INSERT INTO "HeroExclusives" ("HeroId", "ItemsId") VALUES (13, 20);
INSERT INTO "HeroExclusives" ("HeroId", "ItemsId") VALUES (13, 21);
INSERT INTO "HeroExclusives" ("HeroId", "ItemsId") VALUES (13, 22);
INSERT INTO "HeroExclusives" ("HeroId", "ItemsId") VALUES (13, 23);
INSERT INTO "HeroExclusives" ("HeroId", "ItemsId") VALUES (13, 24);
INSERT INTO "HeroExclusives" ("HeroId", "ItemsId") VALUES (13, 25);
INSERT INTO "HeroExclusives" ("HeroId", "ItemsId") VALUES (13, 26);
INSERT INTO "HeroExclusives" ("HeroId", "ItemsId") VALUES (13, 27);
INSERT INTO "HeroExclusives" ("HeroId", "ItemsId") VALUES (13, 28);
INSERT INTO "HeroExclusives" ("HeroId", "ItemsId") VALUES (13, 29);
INSERT INTO "HeroExclusives" ("HeroId", "ItemsId") VALUES (13, 30);
INSERT INTO "HeroExclusives" ("HeroId", "ItemsId") VALUES (13, 31);
INSERT INTO "HeroExclusives" ("HeroId", "ItemsId") VALUES (13, 32);
INSERT INTO "HeroExclusives" ("HeroId", "ItemsId") VALUES (13, 33);
INSERT INTO "HeroExclusives" ("HeroId", "ItemsId") VALUES (13, 34);
INSERT INTO "HeroExclusives" ("HeroId", "ItemsId") VALUES (13, 35);
INSERT INTO "HeroExclusives" ("HeroId", "ItemsId") VALUES (13, 36);
INSERT INTO "HeroExclusives" ("HeroId", "ItemsId") VALUES (13, 37);
INSERT INTO "HeroExclusives" ("HeroId", "ItemsId") VALUES (13, 38);
INSERT INTO "HeroExclusives" ("HeroId", "ItemsId") VALUES (13, 39);
INSERT INTO "HeroExclusives" ("HeroId", "ItemsId") VALUES (13, 40);
INSERT INTO "HeroExclusives" ("HeroId", "ItemsId") VALUES (13, 41);
INSERT INTO "HeroExclusives" ("HeroId", "ItemsId") VALUES (13, 42);
INSERT INTO "HeroExclusives" ("HeroId", "ItemsId") VALUES (13, 43);
INSERT INTO "HeroExclusives" ("HeroId", "ItemsId") VALUES (13, 44);
INSERT INTO "HeroExclusives" ("HeroId", "ItemsId") VALUES (13, 45);
INSERT INTO "HeroExclusives" ("HeroId", "ItemsId") VALUES (13, 46);
INSERT INTO "HeroExclusives" ("HeroId", "ItemsId") VALUES (13, 47);
INSERT INTO "HeroExclusives" ("HeroId", "ItemsId") VALUES (13, 48);
INSERT INTO "HeroExclusives" ("HeroId", "ItemsId") VALUES (13, 49);
INSERT INTO "HeroExclusives" ("HeroId", "ItemsId") VALUES (13, 50);
INSERT INTO "HeroExclusives" ("HeroId", "ItemsId") VALUES (13, 51);
INSERT INTO "HeroExclusives" ("HeroId", "ItemsId") VALUES (13, 52);
INSERT INTO "HeroExclusives" ("HeroId", "ItemsId") VALUES (13, 53);
INSERT INTO "HeroExclusives" ("HeroId", "ItemsId") VALUES (13, 54);
INSERT INTO "HeroExclusives" ("HeroId", "ItemsId") VALUES (13, 55);
INSERT INTO "HeroExclusives" ("HeroId", "ItemsId") VALUES (13, 56);
INSERT INTO "HeroExclusives" ("HeroId", "ItemsId") VALUES (13, 57);
INSERT INTO "HeroExclusives" ("HeroId", "ItemsId") VALUES (13, 58);
INSERT INTO "HeroExclusives" ("HeroId", "ItemsId") VALUES (13, 59);
INSERT INTO "HeroExclusives" ("HeroId", "ItemsId") VALUES (13, 60);
INSERT INTO "HeroExclusives" ("HeroId", "ItemsId") VALUES (13, 61);
INSERT INTO "HeroExclusives" ("HeroId", "ItemsId") VALUES (13, 62);
INSERT INTO "HeroExclusives" ("HeroId", "ItemsId") VALUES (13, 63);
INSERT INTO "HeroExclusives" ("HeroId", "ItemsId") VALUES (13, 64);
INSERT INTO "HeroExclusives" ("HeroId", "ItemsId") VALUES (13, 65);
INSERT INTO "HeroExclusives" ("HeroId", "ItemsId") VALUES (13, 66);
INSERT INTO "HeroExclusives" ("HeroId", "ItemsId") VALUES (13, 67);
INSERT INTO "HeroExclusives" ("HeroId", "ItemsId") VALUES (13, 68);
INSERT INTO "HeroExclusives" ("HeroId", "ItemsId") VALUES (13, 69);
INSERT INTO "HeroExclusives" ("HeroId", "ItemsId") VALUES (13, 70);
INSERT INTO "HeroExclusives" ("HeroId", "ItemsId") VALUES (13, 71);
INSERT INTO "HeroExclusives" ("HeroId", "ItemsId") VALUES (13, 72);
INSERT INTO "HeroExclusives" ("HeroId", "ItemsId") VALUES (13, 73);
INSERT INTO "HeroExclusives" ("HeroId", "ItemsId") VALUES (13, 74);
INSERT INTO "HeroExclusives" ("HeroId", "ItemsId") VALUES (13, 75);
INSERT INTO "HeroExclusives" ("HeroId", "ItemsId") VALUES (13, 76);
INSERT INTO "HeroExclusives" ("HeroId", "ItemsId") VALUES (13, 77);
INSERT INTO "HeroExclusives" ("HeroId", "ItemsId") VALUES (13, 78);
INSERT INTO "HeroExclusives" ("HeroId", "ItemsId") VALUES (13, 79);
INSERT INTO "HeroExclusives" ("HeroId", "ItemsId") VALUES (13, 80);
INSERT INTO "HeroExclusives" ("HeroId", "ItemsId") VALUES (13, 81);
INSERT INTO "HeroExclusives" ("HeroId", "ItemsId") VALUES (13, 82);
INSERT INTO "HeroExclusives" ("HeroId", "ItemsId") VALUES (13, 83);
INSERT INTO "HeroExclusives" ("HeroId", "ItemsId") VALUES (13, 84);
INSERT INTO "HeroExclusives" ("HeroId", "ItemsId") VALUES (13, 85);
INSERT INTO "HeroExclusives" ("HeroId", "ItemsId") VALUES (13, 86);
INSERT INTO "HeroExclusives" ("HeroId", "ItemsId") VALUES (13, 87);
INSERT INTO "HeroExclusives" ("HeroId", "ItemsId") VALUES (13, 88);
INSERT INTO "HeroExclusives" ("HeroId", "ItemsId") VALUES (13, 89);
INSERT INTO "HeroExclusives" ("HeroId", "ItemsId") VALUES (13, 90);
INSERT INTO "HeroExclusives" ("HeroId", "ItemsId") VALUES (13, 91);
INSERT INTO "HeroExclusives" ("HeroId", "ItemsId") VALUES (13, 92);
INSERT INTO "HeroExclusives" ("HeroId", "ItemsId") VALUES (13, 93);
INSERT INTO "HeroExclusives" ("HeroId", "ItemsId") VALUES (14, 1);
INSERT INTO "HeroExclusives" ("HeroId", "ItemsId") VALUES (14, 2);
INSERT INTO "HeroExclusives" ("HeroId", "ItemsId") VALUES (14, 3);
INSERT INTO "HeroExclusives" ("HeroId", "ItemsId") VALUES (14, 4);
INSERT INTO "HeroExclusives" ("HeroId", "ItemsId") VALUES (14, 5);
INSERT INTO "HeroExclusives" ("HeroId", "ItemsId") VALUES (14, 6);
INSERT INTO "HeroExclusives" ("HeroId", "ItemsId") VALUES (14, 7);
INSERT INTO "HeroExclusives" ("HeroId", "ItemsId") VALUES (14, 8);
INSERT INTO "HeroExclusives" ("HeroId", "ItemsId") VALUES (14, 9);
INSERT INTO "HeroExclusives" ("HeroId", "ItemsId") VALUES (14, 10);
INSERT INTO "HeroExclusives" ("HeroId", "ItemsId") VALUES (14, 11);
INSERT INTO "HeroExclusives" ("HeroId", "ItemsId") VALUES (14, 12);
INSERT INTO "HeroExclusives" ("HeroId", "ItemsId") VALUES (14, 13);
INSERT INTO "HeroExclusives" ("HeroId", "ItemsId") VALUES (14, 14);
INSERT INTO "HeroExclusives" ("HeroId", "ItemsId") VALUES (14, 15);
INSERT INTO "HeroExclusives" ("HeroId", "ItemsId") VALUES (14, 16);
INSERT INTO "HeroExclusives" ("HeroId", "ItemsId") VALUES (14, 17);
INSERT INTO "HeroExclusives" ("HeroId", "ItemsId") VALUES (14, 18);
INSERT INTO "HeroExclusives" ("HeroId", "ItemsId") VALUES (14, 19);
INSERT INTO "HeroExclusives" ("HeroId", "ItemsId") VALUES (14, 20);
INSERT INTO "HeroExclusives" ("HeroId", "ItemsId") VALUES (14, 21);
INSERT INTO "HeroExclusives" ("HeroId", "ItemsId") VALUES (14, 22);
INSERT INTO "HeroExclusives" ("HeroId", "ItemsId") VALUES (14, 23);
INSERT INTO "HeroExclusives" ("HeroId", "ItemsId") VALUES (14, 24);
INSERT INTO "HeroExclusives" ("HeroId", "ItemsId") VALUES (14, 25);
INSERT INTO "HeroExclusives" ("HeroId", "ItemsId") VALUES (14, 26);
INSERT INTO "HeroExclusives" ("HeroId", "ItemsId") VALUES (14, 27);
INSERT INTO "HeroExclusives" ("HeroId", "ItemsId") VALUES (14, 28);
INSERT INTO "HeroExclusives" ("HeroId", "ItemsId") VALUES (14, 29);
INSERT INTO "HeroExclusives" ("HeroId", "ItemsId") VALUES (14, 30);
INSERT INTO "HeroExclusives" ("HeroId", "ItemsId") VALUES (14, 31);
INSERT INTO "HeroExclusives" ("HeroId", "ItemsId") VALUES (14, 32);
INSERT INTO "HeroExclusives" ("HeroId", "ItemsId") VALUES (14, 33);
INSERT INTO "HeroExclusives" ("HeroId", "ItemsId") VALUES (14, 34);
INSERT INTO "HeroExclusives" ("HeroId", "ItemsId") VALUES (14, 35);
INSERT INTO "HeroExclusives" ("HeroId", "ItemsId") VALUES (14, 36);
INSERT INTO "HeroExclusives" ("HeroId", "ItemsId") VALUES (14, 37);
INSERT INTO "HeroExclusives" ("HeroId", "ItemsId") VALUES (14, 38);
INSERT INTO "HeroExclusives" ("HeroId", "ItemsId") VALUES (14, 39);
INSERT INTO "HeroExclusives" ("HeroId", "ItemsId") VALUES (14, 40);
INSERT INTO "HeroExclusives" ("HeroId", "ItemsId") VALUES (14, 41);
INSERT INTO "HeroExclusives" ("HeroId", "ItemsId") VALUES (14, 42);
INSERT INTO "HeroExclusives" ("HeroId", "ItemsId") VALUES (14, 43);
INSERT INTO "HeroExclusives" ("HeroId", "ItemsId") VALUES (14, 44);
INSERT INTO "HeroExclusives" ("HeroId", "ItemsId") VALUES (14, 45);
INSERT INTO "HeroExclusives" ("HeroId", "ItemsId") VALUES (14, 46);
INSERT INTO "HeroExclusives" ("HeroId", "ItemsId") VALUES (14, 47);
INSERT INTO "HeroExclusives" ("HeroId", "ItemsId") VALUES (14, 48);
INSERT INTO "HeroExclusives" ("HeroId", "ItemsId") VALUES (14, 49);
INSERT INTO "HeroExclusives" ("HeroId", "ItemsId") VALUES (14, 50);
INSERT INTO "HeroExclusives" ("HeroId", "ItemsId") VALUES (14, 51);
INSERT INTO "HeroExclusives" ("HeroId", "ItemsId") VALUES (14, 52);
INSERT INTO "HeroExclusives" ("HeroId", "ItemsId") VALUES (14, 53);
INSERT INTO "HeroExclusives" ("HeroId", "ItemsId") VALUES (14, 54);
INSERT INTO "HeroExclusives" ("HeroId", "ItemsId") VALUES (14, 55);
INSERT INTO "HeroExclusives" ("HeroId", "ItemsId") VALUES (14, 56);
INSERT INTO "HeroExclusives" ("HeroId", "ItemsId") VALUES (14, 57);
INSERT INTO "HeroExclusives" ("HeroId", "ItemsId") VALUES (14, 58);
INSERT INTO "HeroExclusives" ("HeroId", "ItemsId") VALUES (14, 59);
INSERT INTO "HeroExclusives" ("HeroId", "ItemsId") VALUES (14, 60);
INSERT INTO "HeroExclusives" ("HeroId", "ItemsId") VALUES (14, 61);
INSERT INTO "HeroExclusives" ("HeroId", "ItemsId") VALUES (14, 62);
INSERT INTO "HeroExclusives" ("HeroId", "ItemsId") VALUES (14, 63);
INSERT INTO "HeroExclusives" ("HeroId", "ItemsId") VALUES (14, 64);
INSERT INTO "HeroExclusives" ("HeroId", "ItemsId") VALUES (14, 65);
INSERT INTO "HeroExclusives" ("HeroId", "ItemsId") VALUES (14, 66);
INSERT INTO "HeroExclusives" ("HeroId", "ItemsId") VALUES (14, 67);
INSERT INTO "HeroExclusives" ("HeroId", "ItemsId") VALUES (14, 68);
INSERT INTO "HeroExclusives" ("HeroId", "ItemsId") VALUES (14, 69);
INSERT INTO "HeroExclusives" ("HeroId", "ItemsId") VALUES (14, 70);
INSERT INTO "HeroExclusives" ("HeroId", "ItemsId") VALUES (14, 71);
INSERT INTO "HeroExclusives" ("HeroId", "ItemsId") VALUES (14, 72);
INSERT INTO "HeroExclusives" ("HeroId", "ItemsId") VALUES (14, 73);
INSERT INTO "HeroExclusives" ("HeroId", "ItemsId") VALUES (14, 74);
INSERT INTO "HeroExclusives" ("HeroId", "ItemsId") VALUES (14, 75);
INSERT INTO "HeroExclusives" ("HeroId", "ItemsId") VALUES (14, 76);
INSERT INTO "HeroExclusives" ("HeroId", "ItemsId") VALUES (14, 77);
INSERT INTO "HeroExclusives" ("HeroId", "ItemsId") VALUES (14, 78);
INSERT INTO "HeroExclusives" ("HeroId", "ItemsId") VALUES (14, 79);
INSERT INTO "HeroExclusives" ("HeroId", "ItemsId") VALUES (14, 80);
INSERT INTO "HeroExclusives" ("HeroId", "ItemsId") VALUES (14, 81);
INSERT INTO "HeroExclusives" ("HeroId", "ItemsId") VALUES (14, 82);
INSERT INTO "HeroExclusives" ("HeroId", "ItemsId") VALUES (14, 83);
INSERT INTO "HeroExclusives" ("HeroId", "ItemsId") VALUES (14, 84);
INSERT INTO "HeroExclusives" ("HeroId", "ItemsId") VALUES (14, 85);
INSERT INTO "HeroExclusives" ("HeroId", "ItemsId") VALUES (14, 86);
INSERT INTO "HeroExclusives" ("HeroId", "ItemsId") VALUES (14, 87);
INSERT INTO "HeroExclusives" ("HeroId", "ItemsId") VALUES (14, 88);
INSERT INTO "HeroExclusives" ("HeroId", "ItemsId") VALUES (14, 89);
INSERT INTO "HeroExclusives" ("HeroId", "ItemsId") VALUES (14, 90);
INSERT INTO "HeroExclusives" ("HeroId", "ItemsId") VALUES (14, 91);
INSERT INTO "HeroExclusives" ("HeroId", "ItemsId") VALUES (14, 92);
INSERT INTO "HeroExclusives" ("HeroId", "ItemsId") VALUES (14, 93);
INSERT INTO "HeroExclusives" ("HeroId", "ItemsId") VALUES (15, 1);
INSERT INTO "HeroExclusives" ("HeroId", "ItemsId") VALUES (15, 2);
INSERT INTO "HeroExclusives" ("HeroId", "ItemsId") VALUES (15, 3);
INSERT INTO "HeroExclusives" ("HeroId", "ItemsId") VALUES (15, 4);
INSERT INTO "HeroExclusives" ("HeroId", "ItemsId") VALUES (15, 5);
INSERT INTO "HeroExclusives" ("HeroId", "ItemsId") VALUES (15, 6);
INSERT INTO "HeroExclusives" ("HeroId", "ItemsId") VALUES (15, 7);
INSERT INTO "HeroExclusives" ("HeroId", "ItemsId") VALUES (15, 8);
INSERT INTO "HeroExclusives" ("HeroId", "ItemsId") VALUES (15, 9);
INSERT INTO "HeroExclusives" ("HeroId", "ItemsId") VALUES (15, 10);
INSERT INTO "HeroExclusives" ("HeroId", "ItemsId") VALUES (15, 11);
INSERT INTO "HeroExclusives" ("HeroId", "ItemsId") VALUES (15, 12);
INSERT INTO "HeroExclusives" ("HeroId", "ItemsId") VALUES (15, 13);
INSERT INTO "HeroExclusives" ("HeroId", "ItemsId") VALUES (15, 14);
INSERT INTO "HeroExclusives" ("HeroId", "ItemsId") VALUES (15, 15);
INSERT INTO "HeroExclusives" ("HeroId", "ItemsId") VALUES (15, 16);
INSERT INTO "HeroExclusives" ("HeroId", "ItemsId") VALUES (15, 17);
INSERT INTO "HeroExclusives" ("HeroId", "ItemsId") VALUES (15, 18);
INSERT INTO "HeroExclusives" ("HeroId", "ItemsId") VALUES (15, 19);
INSERT INTO "HeroExclusives" ("HeroId", "ItemsId") VALUES (15, 20);
INSERT INTO "HeroExclusives" ("HeroId", "ItemsId") VALUES (15, 21);
INSERT INTO "HeroExclusives" ("HeroId", "ItemsId") VALUES (15, 22);
INSERT INTO "HeroExclusives" ("HeroId", "ItemsId") VALUES (15, 23);
INSERT INTO "HeroExclusives" ("HeroId", "ItemsId") VALUES (15, 24);
INSERT INTO "HeroExclusives" ("HeroId", "ItemsId") VALUES (15, 25);
INSERT INTO "HeroExclusives" ("HeroId", "ItemsId") VALUES (15, 26);
INSERT INTO "HeroExclusives" ("HeroId", "ItemsId") VALUES (15, 27);
INSERT INTO "HeroExclusives" ("HeroId", "ItemsId") VALUES (15, 28);
INSERT INTO "HeroExclusives" ("HeroId", "ItemsId") VALUES (15, 29);
INSERT INTO "HeroExclusives" ("HeroId", "ItemsId") VALUES (15, 30);
INSERT INTO "HeroExclusives" ("HeroId", "ItemsId") VALUES (15, 31);
INSERT INTO "HeroExclusives" ("HeroId", "ItemsId") VALUES (15, 32);
INSERT INTO "HeroExclusives" ("HeroId", "ItemsId") VALUES (15, 33);
INSERT INTO "HeroExclusives" ("HeroId", "ItemsId") VALUES (15, 34);
INSERT INTO "HeroExclusives" ("HeroId", "ItemsId") VALUES (15, 35);
INSERT INTO "HeroExclusives" ("HeroId", "ItemsId") VALUES (15, 36);
INSERT INTO "HeroExclusives" ("HeroId", "ItemsId") VALUES (15, 37);
INSERT INTO "HeroExclusives" ("HeroId", "ItemsId") VALUES (15, 38);
INSERT INTO "HeroExclusives" ("HeroId", "ItemsId") VALUES (15, 39);
INSERT INTO "HeroExclusives" ("HeroId", "ItemsId") VALUES (15, 40);
INSERT INTO "HeroExclusives" ("HeroId", "ItemsId") VALUES (15, 41);
INSERT INTO "HeroExclusives" ("HeroId", "ItemsId") VALUES (15, 42);
INSERT INTO "HeroExclusives" ("HeroId", "ItemsId") VALUES (15, 43);
INSERT INTO "HeroExclusives" ("HeroId", "ItemsId") VALUES (15, 44);
INSERT INTO "HeroExclusives" ("HeroId", "ItemsId") VALUES (15, 45);
INSERT INTO "HeroExclusives" ("HeroId", "ItemsId") VALUES (15, 46);
INSERT INTO "HeroExclusives" ("HeroId", "ItemsId") VALUES (15, 47);
INSERT INTO "HeroExclusives" ("HeroId", "ItemsId") VALUES (15, 48);
INSERT INTO "HeroExclusives" ("HeroId", "ItemsId") VALUES (15, 49);
INSERT INTO "HeroExclusives" ("HeroId", "ItemsId") VALUES (15, 50);
INSERT INTO "HeroExclusives" ("HeroId", "ItemsId") VALUES (15, 51);
INSERT INTO "HeroExclusives" ("HeroId", "ItemsId") VALUES (15, 52);
INSERT INTO "HeroExclusives" ("HeroId", "ItemsId") VALUES (15, 53);
INSERT INTO "HeroExclusives" ("HeroId", "ItemsId") VALUES (15, 54);
INSERT INTO "HeroExclusives" ("HeroId", "ItemsId") VALUES (15, 55);
INSERT INTO "HeroExclusives" ("HeroId", "ItemsId") VALUES (15, 56);
INSERT INTO "HeroExclusives" ("HeroId", "ItemsId") VALUES (15, 57);
INSERT INTO "HeroExclusives" ("HeroId", "ItemsId") VALUES (15, 58);
INSERT INTO "HeroExclusives" ("HeroId", "ItemsId") VALUES (15, 59);
INSERT INTO "HeroExclusives" ("HeroId", "ItemsId") VALUES (15, 60);
INSERT INTO "HeroExclusives" ("HeroId", "ItemsId") VALUES (15, 61);
INSERT INTO "HeroExclusives" ("HeroId", "ItemsId") VALUES (15, 62);
INSERT INTO "HeroExclusives" ("HeroId", "ItemsId") VALUES (15, 63);
INSERT INTO "HeroExclusives" ("HeroId", "ItemsId") VALUES (15, 64);
INSERT INTO "HeroExclusives" ("HeroId", "ItemsId") VALUES (15, 65);
INSERT INTO "HeroExclusives" ("HeroId", "ItemsId") VALUES (15, 66);
INSERT INTO "HeroExclusives" ("HeroId", "ItemsId") VALUES (15, 67);
INSERT INTO "HeroExclusives" ("HeroId", "ItemsId") VALUES (15, 68);
INSERT INTO "HeroExclusives" ("HeroId", "ItemsId") VALUES (15, 69);
INSERT INTO "HeroExclusives" ("HeroId", "ItemsId") VALUES (15, 70);
INSERT INTO "HeroExclusives" ("HeroId", "ItemsId") VALUES (15, 71);
INSERT INTO "HeroExclusives" ("HeroId", "ItemsId") VALUES (15, 72);
INSERT INTO "HeroExclusives" ("HeroId", "ItemsId") VALUES (15, 73);
INSERT INTO "HeroExclusives" ("HeroId", "ItemsId") VALUES (15, 74);
INSERT INTO "HeroExclusives" ("HeroId", "ItemsId") VALUES (15, 75);
INSERT INTO "HeroExclusives" ("HeroId", "ItemsId") VALUES (15, 76);
INSERT INTO "HeroExclusives" ("HeroId", "ItemsId") VALUES (15, 77);
INSERT INTO "HeroExclusives" ("HeroId", "ItemsId") VALUES (15, 78);
INSERT INTO "HeroExclusives" ("HeroId", "ItemsId") VALUES (15, 79);
INSERT INTO "HeroExclusives" ("HeroId", "ItemsId") VALUES (15, 80);
INSERT INTO "HeroExclusives" ("HeroId", "ItemsId") VALUES (15, 81);
INSERT INTO "HeroExclusives" ("HeroId", "ItemsId") VALUES (15, 82);
INSERT INTO "HeroExclusives" ("HeroId", "ItemsId") VALUES (15, 83);
INSERT INTO "HeroExclusives" ("HeroId", "ItemsId") VALUES (15, 84);
INSERT INTO "HeroExclusives" ("HeroId", "ItemsId") VALUES (15, 85);
INSERT INTO "HeroExclusives" ("HeroId", "ItemsId") VALUES (15, 86);
INSERT INTO "HeroExclusives" ("HeroId", "ItemsId") VALUES (15, 87);
INSERT INTO "HeroExclusives" ("HeroId", "ItemsId") VALUES (15, 88);
INSERT INTO "HeroExclusives" ("HeroId", "ItemsId") VALUES (15, 89);
INSERT INTO "HeroExclusives" ("HeroId", "ItemsId") VALUES (15, 90);
INSERT INTO "HeroExclusives" ("HeroId", "ItemsId") VALUES (15, 91);
INSERT INTO "HeroExclusives" ("HeroId", "ItemsId") VALUES (15, 92);
INSERT INTO "HeroExclusives" ("HeroId", "ItemsId") VALUES (15, 93);
INSERT INTO "HeroExclusives" ("HeroId", "ItemsId") VALUES (16, 1);
INSERT INTO "HeroExclusives" ("HeroId", "ItemsId") VALUES (16, 2);
INSERT INTO "HeroExclusives" ("HeroId", "ItemsId") VALUES (16, 3);
INSERT INTO "HeroExclusives" ("HeroId", "ItemsId") VALUES (16, 4);
INSERT INTO "HeroExclusives" ("HeroId", "ItemsId") VALUES (16, 5);
INSERT INTO "HeroExclusives" ("HeroId", "ItemsId") VALUES (16, 6);
INSERT INTO "HeroExclusives" ("HeroId", "ItemsId") VALUES (16, 7);
INSERT INTO "HeroExclusives" ("HeroId", "ItemsId") VALUES (16, 8);
INSERT INTO "HeroExclusives" ("HeroId", "ItemsId") VALUES (16, 9);
INSERT INTO "HeroExclusives" ("HeroId", "ItemsId") VALUES (16, 10);
INSERT INTO "HeroExclusives" ("HeroId", "ItemsId") VALUES (16, 11);
INSERT INTO "HeroExclusives" ("HeroId", "ItemsId") VALUES (16, 12);
INSERT INTO "HeroExclusives" ("HeroId", "ItemsId") VALUES (16, 13);
INSERT INTO "HeroExclusives" ("HeroId", "ItemsId") VALUES (16, 14);
INSERT INTO "HeroExclusives" ("HeroId", "ItemsId") VALUES (16, 15);
INSERT INTO "HeroExclusives" ("HeroId", "ItemsId") VALUES (16, 16);
INSERT INTO "HeroExclusives" ("HeroId", "ItemsId") VALUES (16, 17);
INSERT INTO "HeroExclusives" ("HeroId", "ItemsId") VALUES (16, 18);
INSERT INTO "HeroExclusives" ("HeroId", "ItemsId") VALUES (16, 19);
INSERT INTO "HeroExclusives" ("HeroId", "ItemsId") VALUES (16, 20);
INSERT INTO "HeroExclusives" ("HeroId", "ItemsId") VALUES (16, 21);
INSERT INTO "HeroExclusives" ("HeroId", "ItemsId") VALUES (16, 22);
INSERT INTO "HeroExclusives" ("HeroId", "ItemsId") VALUES (16, 23);
INSERT INTO "HeroExclusives" ("HeroId", "ItemsId") VALUES (16, 24);
INSERT INTO "HeroExclusives" ("HeroId", "ItemsId") VALUES (16, 25);
INSERT INTO "HeroExclusives" ("HeroId", "ItemsId") VALUES (16, 26);
INSERT INTO "HeroExclusives" ("HeroId", "ItemsId") VALUES (16, 27);
INSERT INTO "HeroExclusives" ("HeroId", "ItemsId") VALUES (16, 28);
INSERT INTO "HeroExclusives" ("HeroId", "ItemsId") VALUES (16, 29);
INSERT INTO "HeroExclusives" ("HeroId", "ItemsId") VALUES (16, 30);
INSERT INTO "HeroExclusives" ("HeroId", "ItemsId") VALUES (16, 31);
INSERT INTO "HeroExclusives" ("HeroId", "ItemsId") VALUES (16, 32);
INSERT INTO "HeroExclusives" ("HeroId", "ItemsId") VALUES (16, 33);
INSERT INTO "HeroExclusives" ("HeroId", "ItemsId") VALUES (16, 34);
INSERT INTO "HeroExclusives" ("HeroId", "ItemsId") VALUES (16, 35);
INSERT INTO "HeroExclusives" ("HeroId", "ItemsId") VALUES (16, 36);
INSERT INTO "HeroExclusives" ("HeroId", "ItemsId") VALUES (16, 37);
INSERT INTO "HeroExclusives" ("HeroId", "ItemsId") VALUES (16, 38);
INSERT INTO "HeroExclusives" ("HeroId", "ItemsId") VALUES (16, 39);
INSERT INTO "HeroExclusives" ("HeroId", "ItemsId") VALUES (16, 40);
INSERT INTO "HeroExclusives" ("HeroId", "ItemsId") VALUES (16, 41);
INSERT INTO "HeroExclusives" ("HeroId", "ItemsId") VALUES (16, 42);
INSERT INTO "HeroExclusives" ("HeroId", "ItemsId") VALUES (16, 43);
INSERT INTO "HeroExclusives" ("HeroId", "ItemsId") VALUES (16, 44);
INSERT INTO "HeroExclusives" ("HeroId", "ItemsId") VALUES (16, 45);
INSERT INTO "HeroExclusives" ("HeroId", "ItemsId") VALUES (16, 46);
INSERT INTO "HeroExclusives" ("HeroId", "ItemsId") VALUES (16, 47);
INSERT INTO "HeroExclusives" ("HeroId", "ItemsId") VALUES (16, 48);
INSERT INTO "HeroExclusives" ("HeroId", "ItemsId") VALUES (16, 49);
INSERT INTO "HeroExclusives" ("HeroId", "ItemsId") VALUES (16, 50);
INSERT INTO "HeroExclusives" ("HeroId", "ItemsId") VALUES (16, 51);
INSERT INTO "HeroExclusives" ("HeroId", "ItemsId") VALUES (16, 52);
INSERT INTO "HeroExclusives" ("HeroId", "ItemsId") VALUES (16, 53);
INSERT INTO "HeroExclusives" ("HeroId", "ItemsId") VALUES (16, 54);
INSERT INTO "HeroExclusives" ("HeroId", "ItemsId") VALUES (16, 55);
INSERT INTO "HeroExclusives" ("HeroId", "ItemsId") VALUES (16, 56);
INSERT INTO "HeroExclusives" ("HeroId", "ItemsId") VALUES (16, 57);
INSERT INTO "HeroExclusives" ("HeroId", "ItemsId") VALUES (16, 58);
INSERT INTO "HeroExclusives" ("HeroId", "ItemsId") VALUES (16, 59);
INSERT INTO "HeroExclusives" ("HeroId", "ItemsId") VALUES (16, 60);
INSERT INTO "HeroExclusives" ("HeroId", "ItemsId") VALUES (16, 61);
INSERT INTO "HeroExclusives" ("HeroId", "ItemsId") VALUES (16, 62);
INSERT INTO "HeroExclusives" ("HeroId", "ItemsId") VALUES (16, 63);
INSERT INTO "HeroExclusives" ("HeroId", "ItemsId") VALUES (16, 64);
INSERT INTO "HeroExclusives" ("HeroId", "ItemsId") VALUES (16, 65);
INSERT INTO "HeroExclusives" ("HeroId", "ItemsId") VALUES (16, 66);
INSERT INTO "HeroExclusives" ("HeroId", "ItemsId") VALUES (16, 67);
INSERT INTO "HeroExclusives" ("HeroId", "ItemsId") VALUES (16, 68);
INSERT INTO "HeroExclusives" ("HeroId", "ItemsId") VALUES (16, 69);
INSERT INTO "HeroExclusives" ("HeroId", "ItemsId") VALUES (16, 70);
INSERT INTO "HeroExclusives" ("HeroId", "ItemsId") VALUES (16, 71);
INSERT INTO "HeroExclusives" ("HeroId", "ItemsId") VALUES (16, 72);
INSERT INTO "HeroExclusives" ("HeroId", "ItemsId") VALUES (16, 73);
INSERT INTO "HeroExclusives" ("HeroId", "ItemsId") VALUES (16, 74);
INSERT INTO "HeroExclusives" ("HeroId", "ItemsId") VALUES (16, 75);
INSERT INTO "HeroExclusives" ("HeroId", "ItemsId") VALUES (16, 76);
INSERT INTO "HeroExclusives" ("HeroId", "ItemsId") VALUES (16, 77);
INSERT INTO "HeroExclusives" ("HeroId", "ItemsId") VALUES (16, 78);
INSERT INTO "HeroExclusives" ("HeroId", "ItemsId") VALUES (16, 79);
INSERT INTO "HeroExclusives" ("HeroId", "ItemsId") VALUES (16, 80);
INSERT INTO "HeroExclusives" ("HeroId", "ItemsId") VALUES (16, 81);
INSERT INTO "HeroExclusives" ("HeroId", "ItemsId") VALUES (16, 82);
INSERT INTO "HeroExclusives" ("HeroId", "ItemsId") VALUES (16, 83);
INSERT INTO "HeroExclusives" ("HeroId", "ItemsId") VALUES (16, 84);
INSERT INTO "HeroExclusives" ("HeroId", "ItemsId") VALUES (16, 85);
INSERT INTO "HeroExclusives" ("HeroId", "ItemsId") VALUES (16, 86);
INSERT INTO "HeroExclusives" ("HeroId", "ItemsId") VALUES (16, 87);
INSERT INTO "HeroExclusives" ("HeroId", "ItemsId") VALUES (16, 88);
INSERT INTO "HeroExclusives" ("HeroId", "ItemsId") VALUES (16, 89);
INSERT INTO "HeroExclusives" ("HeroId", "ItemsId") VALUES (16, 90);
INSERT INTO "HeroExclusives" ("HeroId", "ItemsId") VALUES (16, 91);
INSERT INTO "HeroExclusives" ("HeroId", "ItemsId") VALUES (16, 92);
INSERT INTO "HeroExclusives" ("HeroId", "ItemsId") VALUES (16, 93);
INSERT INTO "HeroExclusives" ("HeroId", "ItemsId") VALUES (17, 1);
INSERT INTO "HeroExclusives" ("HeroId", "ItemsId") VALUES (17, 2);
INSERT INTO "HeroExclusives" ("HeroId", "ItemsId") VALUES (17, 3);
INSERT INTO "HeroExclusives" ("HeroId", "ItemsId") VALUES (17, 4);
INSERT INTO "HeroExclusives" ("HeroId", "ItemsId") VALUES (17, 5);
INSERT INTO "HeroExclusives" ("HeroId", "ItemsId") VALUES (17, 6);
INSERT INTO "HeroExclusives" ("HeroId", "ItemsId") VALUES (17, 7);
INSERT INTO "HeroExclusives" ("HeroId", "ItemsId") VALUES (17, 8);
INSERT INTO "HeroExclusives" ("HeroId", "ItemsId") VALUES (17, 9);
INSERT INTO "HeroExclusives" ("HeroId", "ItemsId") VALUES (17, 10);
INSERT INTO "HeroExclusives" ("HeroId", "ItemsId") VALUES (17, 11);
INSERT INTO "HeroExclusives" ("HeroId", "ItemsId") VALUES (17, 12);
INSERT INTO "HeroExclusives" ("HeroId", "ItemsId") VALUES (17, 13);
INSERT INTO "HeroExclusives" ("HeroId", "ItemsId") VALUES (17, 14);
INSERT INTO "HeroExclusives" ("HeroId", "ItemsId") VALUES (17, 15);
INSERT INTO "HeroExclusives" ("HeroId", "ItemsId") VALUES (17, 16);
INSERT INTO "HeroExclusives" ("HeroId", "ItemsId") VALUES (17, 17);
INSERT INTO "HeroExclusives" ("HeroId", "ItemsId") VALUES (17, 18);
INSERT INTO "HeroExclusives" ("HeroId", "ItemsId") VALUES (17, 19);
INSERT INTO "HeroExclusives" ("HeroId", "ItemsId") VALUES (17, 20);
INSERT INTO "HeroExclusives" ("HeroId", "ItemsId") VALUES (17, 21);
INSERT INTO "HeroExclusives" ("HeroId", "ItemsId") VALUES (17, 22);
INSERT INTO "HeroExclusives" ("HeroId", "ItemsId") VALUES (17, 23);
INSERT INTO "HeroExclusives" ("HeroId", "ItemsId") VALUES (17, 24);
INSERT INTO "HeroExclusives" ("HeroId", "ItemsId") VALUES (17, 25);
INSERT INTO "HeroExclusives" ("HeroId", "ItemsId") VALUES (17, 26);
INSERT INTO "HeroExclusives" ("HeroId", "ItemsId") VALUES (17, 27);
INSERT INTO "HeroExclusives" ("HeroId", "ItemsId") VALUES (17, 28);
INSERT INTO "HeroExclusives" ("HeroId", "ItemsId") VALUES (17, 29);
INSERT INTO "HeroExclusives" ("HeroId", "ItemsId") VALUES (17, 30);
INSERT INTO "HeroExclusives" ("HeroId", "ItemsId") VALUES (17, 31);
INSERT INTO "HeroExclusives" ("HeroId", "ItemsId") VALUES (17, 32);
INSERT INTO "HeroExclusives" ("HeroId", "ItemsId") VALUES (17, 33);
INSERT INTO "HeroExclusives" ("HeroId", "ItemsId") VALUES (17, 34);
INSERT INTO "HeroExclusives" ("HeroId", "ItemsId") VALUES (17, 35);
INSERT INTO "HeroExclusives" ("HeroId", "ItemsId") VALUES (17, 36);
INSERT INTO "HeroExclusives" ("HeroId", "ItemsId") VALUES (17, 37);
INSERT INTO "HeroExclusives" ("HeroId", "ItemsId") VALUES (17, 38);
INSERT INTO "HeroExclusives" ("HeroId", "ItemsId") VALUES (17, 39);
INSERT INTO "HeroExclusives" ("HeroId", "ItemsId") VALUES (17, 40);
INSERT INTO "HeroExclusives" ("HeroId", "ItemsId") VALUES (17, 41);
INSERT INTO "HeroExclusives" ("HeroId", "ItemsId") VALUES (17, 42);
INSERT INTO "HeroExclusives" ("HeroId", "ItemsId") VALUES (17, 43);
INSERT INTO "HeroExclusives" ("HeroId", "ItemsId") VALUES (17, 44);
INSERT INTO "HeroExclusives" ("HeroId", "ItemsId") VALUES (17, 45);
INSERT INTO "HeroExclusives" ("HeroId", "ItemsId") VALUES (17, 46);
INSERT INTO "HeroExclusives" ("HeroId", "ItemsId") VALUES (17, 47);
INSERT INTO "HeroExclusives" ("HeroId", "ItemsId") VALUES (17, 48);
INSERT INTO "HeroExclusives" ("HeroId", "ItemsId") VALUES (17, 49);
INSERT INTO "HeroExclusives" ("HeroId", "ItemsId") VALUES (17, 50);
INSERT INTO "HeroExclusives" ("HeroId", "ItemsId") VALUES (17, 51);
INSERT INTO "HeroExclusives" ("HeroId", "ItemsId") VALUES (17, 52);
INSERT INTO "HeroExclusives" ("HeroId", "ItemsId") VALUES (17, 53);
INSERT INTO "HeroExclusives" ("HeroId", "ItemsId") VALUES (17, 54);
INSERT INTO "HeroExclusives" ("HeroId", "ItemsId") VALUES (17, 55);
INSERT INTO "HeroExclusives" ("HeroId", "ItemsId") VALUES (17, 56);
INSERT INTO "HeroExclusives" ("HeroId", "ItemsId") VALUES (17, 57);
INSERT INTO "HeroExclusives" ("HeroId", "ItemsId") VALUES (17, 58);
INSERT INTO "HeroExclusives" ("HeroId", "ItemsId") VALUES (17, 59);
INSERT INTO "HeroExclusives" ("HeroId", "ItemsId") VALUES (17, 60);
INSERT INTO "HeroExclusives" ("HeroId", "ItemsId") VALUES (17, 61);
INSERT INTO "HeroExclusives" ("HeroId", "ItemsId") VALUES (17, 62);
INSERT INTO "HeroExclusives" ("HeroId", "ItemsId") VALUES (17, 63);
INSERT INTO "HeroExclusives" ("HeroId", "ItemsId") VALUES (17, 64);
INSERT INTO "HeroExclusives" ("HeroId", "ItemsId") VALUES (17, 65);
INSERT INTO "HeroExclusives" ("HeroId", "ItemsId") VALUES (17, 66);
INSERT INTO "HeroExclusives" ("HeroId", "ItemsId") VALUES (17, 67);
INSERT INTO "HeroExclusives" ("HeroId", "ItemsId") VALUES (17, 68);
INSERT INTO "HeroExclusives" ("HeroId", "ItemsId") VALUES (17, 69);
INSERT INTO "HeroExclusives" ("HeroId", "ItemsId") VALUES (17, 70);
INSERT INTO "HeroExclusives" ("HeroId", "ItemsId") VALUES (17, 71);
INSERT INTO "HeroExclusives" ("HeroId", "ItemsId") VALUES (17, 72);
INSERT INTO "HeroExclusives" ("HeroId", "ItemsId") VALUES (17, 73);
INSERT INTO "HeroExclusives" ("HeroId", "ItemsId") VALUES (17, 74);
INSERT INTO "HeroExclusives" ("HeroId", "ItemsId") VALUES (17, 75);
INSERT INTO "HeroExclusives" ("HeroId", "ItemsId") VALUES (17, 76);
INSERT INTO "HeroExclusives" ("HeroId", "ItemsId") VALUES (17, 77);
INSERT INTO "HeroExclusives" ("HeroId", "ItemsId") VALUES (17, 78);
INSERT INTO "HeroExclusives" ("HeroId", "ItemsId") VALUES (17, 79);
INSERT INTO "HeroExclusives" ("HeroId", "ItemsId") VALUES (17, 80);
INSERT INTO "HeroExclusives" ("HeroId", "ItemsId") VALUES (17, 81);
INSERT INTO "HeroExclusives" ("HeroId", "ItemsId") VALUES (17, 82);
INSERT INTO "HeroExclusives" ("HeroId", "ItemsId") VALUES (17, 83);
INSERT INTO "HeroExclusives" ("HeroId", "ItemsId") VALUES (17, 84);
INSERT INTO "HeroExclusives" ("HeroId", "ItemsId") VALUES (17, 85);
INSERT INTO "HeroExclusives" ("HeroId", "ItemsId") VALUES (17, 86);
INSERT INTO "HeroExclusives" ("HeroId", "ItemsId") VALUES (17, 87);
INSERT INTO "HeroExclusives" ("HeroId", "ItemsId") VALUES (17, 88);
INSERT INTO "HeroExclusives" ("HeroId", "ItemsId") VALUES (17, 89);
INSERT INTO "HeroExclusives" ("HeroId", "ItemsId") VALUES (17, 90);
INSERT INTO "HeroExclusives" ("HeroId", "ItemsId") VALUES (17, 91);
INSERT INTO "HeroExclusives" ("HeroId", "ItemsId") VALUES (17, 92);
INSERT INTO "HeroExclusives" ("HeroId", "ItemsId") VALUES (17, 93);
INSERT INTO "HeroExclusives" ("HeroId", "ItemsId") VALUES (18, 1);
INSERT INTO "HeroExclusives" ("HeroId", "ItemsId") VALUES (18, 2);
INSERT INTO "HeroExclusives" ("HeroId", "ItemsId") VALUES (18, 3);
INSERT INTO "HeroExclusives" ("HeroId", "ItemsId") VALUES (18, 4);
INSERT INTO "HeroExclusives" ("HeroId", "ItemsId") VALUES (18, 5);
INSERT INTO "HeroExclusives" ("HeroId", "ItemsId") VALUES (18, 6);
INSERT INTO "HeroExclusives" ("HeroId", "ItemsId") VALUES (18, 7);
INSERT INTO "HeroExclusives" ("HeroId", "ItemsId") VALUES (18, 8);
INSERT INTO "HeroExclusives" ("HeroId", "ItemsId") VALUES (18, 9);
INSERT INTO "HeroExclusives" ("HeroId", "ItemsId") VALUES (18, 10);
INSERT INTO "HeroExclusives" ("HeroId", "ItemsId") VALUES (18, 11);
INSERT INTO "HeroExclusives" ("HeroId", "ItemsId") VALUES (18, 12);
INSERT INTO "HeroExclusives" ("HeroId", "ItemsId") VALUES (18, 13);
INSERT INTO "HeroExclusives" ("HeroId", "ItemsId") VALUES (18, 14);
INSERT INTO "HeroExclusives" ("HeroId", "ItemsId") VALUES (18, 15);
INSERT INTO "HeroExclusives" ("HeroId", "ItemsId") VALUES (18, 16);
INSERT INTO "HeroExclusives" ("HeroId", "ItemsId") VALUES (18, 17);
INSERT INTO "HeroExclusives" ("HeroId", "ItemsId") VALUES (18, 18);
INSERT INTO "HeroExclusives" ("HeroId", "ItemsId") VALUES (18, 19);
INSERT INTO "HeroExclusives" ("HeroId", "ItemsId") VALUES (18, 20);
INSERT INTO "HeroExclusives" ("HeroId", "ItemsId") VALUES (18, 21);
INSERT INTO "HeroExclusives" ("HeroId", "ItemsId") VALUES (18, 22);
INSERT INTO "HeroExclusives" ("HeroId", "ItemsId") VALUES (18, 23);
INSERT INTO "HeroExclusives" ("HeroId", "ItemsId") VALUES (18, 24);
INSERT INTO "HeroExclusives" ("HeroId", "ItemsId") VALUES (18, 25);
INSERT INTO "HeroExclusives" ("HeroId", "ItemsId") VALUES (18, 26);
INSERT INTO "HeroExclusives" ("HeroId", "ItemsId") VALUES (18, 27);
INSERT INTO "HeroExclusives" ("HeroId", "ItemsId") VALUES (18, 28);
INSERT INTO "HeroExclusives" ("HeroId", "ItemsId") VALUES (18, 29);
INSERT INTO "HeroExclusives" ("HeroId", "ItemsId") VALUES (18, 30);
INSERT INTO "HeroExclusives" ("HeroId", "ItemsId") VALUES (18, 31);
INSERT INTO "HeroExclusives" ("HeroId", "ItemsId") VALUES (18, 32);
INSERT INTO "HeroExclusives" ("HeroId", "ItemsId") VALUES (18, 33);
INSERT INTO "HeroExclusives" ("HeroId", "ItemsId") VALUES (18, 34);
INSERT INTO "HeroExclusives" ("HeroId", "ItemsId") VALUES (18, 35);
INSERT INTO "HeroExclusives" ("HeroId", "ItemsId") VALUES (18, 36);
INSERT INTO "HeroExclusives" ("HeroId", "ItemsId") VALUES (18, 37);
INSERT INTO "HeroExclusives" ("HeroId", "ItemsId") VALUES (18, 38);
INSERT INTO "HeroExclusives" ("HeroId", "ItemsId") VALUES (18, 39);
INSERT INTO "HeroExclusives" ("HeroId", "ItemsId") VALUES (18, 40);
INSERT INTO "HeroExclusives" ("HeroId", "ItemsId") VALUES (18, 41);
INSERT INTO "HeroExclusives" ("HeroId", "ItemsId") VALUES (18, 42);
INSERT INTO "HeroExclusives" ("HeroId", "ItemsId") VALUES (18, 43);
INSERT INTO "HeroExclusives" ("HeroId", "ItemsId") VALUES (18, 44);
INSERT INTO "HeroExclusives" ("HeroId", "ItemsId") VALUES (18, 45);
INSERT INTO "HeroExclusives" ("HeroId", "ItemsId") VALUES (18, 46);
INSERT INTO "HeroExclusives" ("HeroId", "ItemsId") VALUES (18, 47);
INSERT INTO "HeroExclusives" ("HeroId", "ItemsId") VALUES (18, 48);
INSERT INTO "HeroExclusives" ("HeroId", "ItemsId") VALUES (18, 49);
INSERT INTO "HeroExclusives" ("HeroId", "ItemsId") VALUES (18, 50);
INSERT INTO "HeroExclusives" ("HeroId", "ItemsId") VALUES (18, 51);
INSERT INTO "HeroExclusives" ("HeroId", "ItemsId") VALUES (18, 52);
INSERT INTO "HeroExclusives" ("HeroId", "ItemsId") VALUES (18, 53);
INSERT INTO "HeroExclusives" ("HeroId", "ItemsId") VALUES (18, 54);
INSERT INTO "HeroExclusives" ("HeroId", "ItemsId") VALUES (18, 55);
INSERT INTO "HeroExclusives" ("HeroId", "ItemsId") VALUES (18, 56);
INSERT INTO "HeroExclusives" ("HeroId", "ItemsId") VALUES (18, 57);
INSERT INTO "HeroExclusives" ("HeroId", "ItemsId") VALUES (18, 58);
INSERT INTO "HeroExclusives" ("HeroId", "ItemsId") VALUES (18, 59);
INSERT INTO "HeroExclusives" ("HeroId", "ItemsId") VALUES (18, 60);
INSERT INTO "HeroExclusives" ("HeroId", "ItemsId") VALUES (18, 61);
INSERT INTO "HeroExclusives" ("HeroId", "ItemsId") VALUES (18, 62);
INSERT INTO "HeroExclusives" ("HeroId", "ItemsId") VALUES (18, 63);
INSERT INTO "HeroExclusives" ("HeroId", "ItemsId") VALUES (18, 64);
INSERT INTO "HeroExclusives" ("HeroId", "ItemsId") VALUES (18, 65);
INSERT INTO "HeroExclusives" ("HeroId", "ItemsId") VALUES (18, 66);
INSERT INTO "HeroExclusives" ("HeroId", "ItemsId") VALUES (18, 67);
INSERT INTO "HeroExclusives" ("HeroId", "ItemsId") VALUES (18, 68);
INSERT INTO "HeroExclusives" ("HeroId", "ItemsId") VALUES (18, 69);
INSERT INTO "HeroExclusives" ("HeroId", "ItemsId") VALUES (18, 70);
INSERT INTO "HeroExclusives" ("HeroId", "ItemsId") VALUES (18, 71);
INSERT INTO "HeroExclusives" ("HeroId", "ItemsId") VALUES (18, 72);
INSERT INTO "HeroExclusives" ("HeroId", "ItemsId") VALUES (18, 73);
INSERT INTO "HeroExclusives" ("HeroId", "ItemsId") VALUES (18, 74);
INSERT INTO "HeroExclusives" ("HeroId", "ItemsId") VALUES (18, 75);
INSERT INTO "HeroExclusives" ("HeroId", "ItemsId") VALUES (18, 76);
INSERT INTO "HeroExclusives" ("HeroId", "ItemsId") VALUES (18, 77);
INSERT INTO "HeroExclusives" ("HeroId", "ItemsId") VALUES (18, 78);
INSERT INTO "HeroExclusives" ("HeroId", "ItemsId") VALUES (18, 79);
INSERT INTO "HeroExclusives" ("HeroId", "ItemsId") VALUES (18, 80);
INSERT INTO "HeroExclusives" ("HeroId", "ItemsId") VALUES (18, 81);
INSERT INTO "HeroExclusives" ("HeroId", "ItemsId") VALUES (18, 82);
INSERT INTO "HeroExclusives" ("HeroId", "ItemsId") VALUES (18, 83);
INSERT INTO "HeroExclusives" ("HeroId", "ItemsId") VALUES (18, 84);
INSERT INTO "HeroExclusives" ("HeroId", "ItemsId") VALUES (18, 85);
INSERT INTO "HeroExclusives" ("HeroId", "ItemsId") VALUES (18, 86);
INSERT INTO "HeroExclusives" ("HeroId", "ItemsId") VALUES (18, 87);
INSERT INTO "HeroExclusives" ("HeroId", "ItemsId") VALUES (18, 88);
INSERT INTO "HeroExclusives" ("HeroId", "ItemsId") VALUES (18, 89);
INSERT INTO "HeroExclusives" ("HeroId", "ItemsId") VALUES (18, 90);
INSERT INTO "HeroExclusives" ("HeroId", "ItemsId") VALUES (18, 91);
INSERT INTO "HeroExclusives" ("HeroId", "ItemsId") VALUES (18, 92);
INSERT INTO "HeroExclusives" ("HeroId", "ItemsId") VALUES (18, 93);
INSERT INTO "HeroExclusives" ("HeroId", "ItemsId") VALUES (19, 1);
INSERT INTO "HeroExclusives" ("HeroId", "ItemsId") VALUES (19, 2);
INSERT INTO "HeroExclusives" ("HeroId", "ItemsId") VALUES (19, 3);
INSERT INTO "HeroExclusives" ("HeroId", "ItemsId") VALUES (19, 4);
INSERT INTO "HeroExclusives" ("HeroId", "ItemsId") VALUES (19, 5);
INSERT INTO "HeroExclusives" ("HeroId", "ItemsId") VALUES (19, 6);
INSERT INTO "HeroExclusives" ("HeroId", "ItemsId") VALUES (19, 7);
INSERT INTO "HeroExclusives" ("HeroId", "ItemsId") VALUES (19, 8);
INSERT INTO "HeroExclusives" ("HeroId", "ItemsId") VALUES (19, 9);
INSERT INTO "HeroExclusives" ("HeroId", "ItemsId") VALUES (19, 10);
INSERT INTO "HeroExclusives" ("HeroId", "ItemsId") VALUES (19, 11);
INSERT INTO "HeroExclusives" ("HeroId", "ItemsId") VALUES (19, 12);
INSERT INTO "HeroExclusives" ("HeroId", "ItemsId") VALUES (19, 13);
INSERT INTO "HeroExclusives" ("HeroId", "ItemsId") VALUES (19, 14);
INSERT INTO "HeroExclusives" ("HeroId", "ItemsId") VALUES (19, 15);
INSERT INTO "HeroExclusives" ("HeroId", "ItemsId") VALUES (19, 16);
INSERT INTO "HeroExclusives" ("HeroId", "ItemsId") VALUES (19, 17);
INSERT INTO "HeroExclusives" ("HeroId", "ItemsId") VALUES (19, 18);
INSERT INTO "HeroExclusives" ("HeroId", "ItemsId") VALUES (19, 19);
INSERT INTO "HeroExclusives" ("HeroId", "ItemsId") VALUES (19, 20);
INSERT INTO "HeroExclusives" ("HeroId", "ItemsId") VALUES (19, 21);
INSERT INTO "HeroExclusives" ("HeroId", "ItemsId") VALUES (19, 22);
INSERT INTO "HeroExclusives" ("HeroId", "ItemsId") VALUES (19, 23);
INSERT INTO "HeroExclusives" ("HeroId", "ItemsId") VALUES (19, 24);
INSERT INTO "HeroExclusives" ("HeroId", "ItemsId") VALUES (19, 25);
INSERT INTO "HeroExclusives" ("HeroId", "ItemsId") VALUES (19, 26);
INSERT INTO "HeroExclusives" ("HeroId", "ItemsId") VALUES (19, 27);
INSERT INTO "HeroExclusives" ("HeroId", "ItemsId") VALUES (19, 28);
INSERT INTO "HeroExclusives" ("HeroId", "ItemsId") VALUES (19, 29);
INSERT INTO "HeroExclusives" ("HeroId", "ItemsId") VALUES (19, 30);
INSERT INTO "HeroExclusives" ("HeroId", "ItemsId") VALUES (19, 31);
INSERT INTO "HeroExclusives" ("HeroId", "ItemsId") VALUES (19, 32);
INSERT INTO "HeroExclusives" ("HeroId", "ItemsId") VALUES (19, 33);
INSERT INTO "HeroExclusives" ("HeroId", "ItemsId") VALUES (19, 34);
INSERT INTO "HeroExclusives" ("HeroId", "ItemsId") VALUES (19, 35);
INSERT INTO "HeroExclusives" ("HeroId", "ItemsId") VALUES (19, 36);
INSERT INTO "HeroExclusives" ("HeroId", "ItemsId") VALUES (19, 37);
INSERT INTO "HeroExclusives" ("HeroId", "ItemsId") VALUES (19, 38);
INSERT INTO "HeroExclusives" ("HeroId", "ItemsId") VALUES (19, 39);
INSERT INTO "HeroExclusives" ("HeroId", "ItemsId") VALUES (19, 40);
INSERT INTO "HeroExclusives" ("HeroId", "ItemsId") VALUES (19, 41);
INSERT INTO "HeroExclusives" ("HeroId", "ItemsId") VALUES (19, 42);
INSERT INTO "HeroExclusives" ("HeroId", "ItemsId") VALUES (19, 43);
INSERT INTO "HeroExclusives" ("HeroId", "ItemsId") VALUES (19, 44);
INSERT INTO "HeroExclusives" ("HeroId", "ItemsId") VALUES (19, 45);
INSERT INTO "HeroExclusives" ("HeroId", "ItemsId") VALUES (19, 46);
INSERT INTO "HeroExclusives" ("HeroId", "ItemsId") VALUES (19, 47);
INSERT INTO "HeroExclusives" ("HeroId", "ItemsId") VALUES (19, 48);
INSERT INTO "HeroExclusives" ("HeroId", "ItemsId") VALUES (19, 49);
INSERT INTO "HeroExclusives" ("HeroId", "ItemsId") VALUES (19, 50);
INSERT INTO "HeroExclusives" ("HeroId", "ItemsId") VALUES (19, 51);
INSERT INTO "HeroExclusives" ("HeroId", "ItemsId") VALUES (19, 52);
INSERT INTO "HeroExclusives" ("HeroId", "ItemsId") VALUES (19, 53);
INSERT INTO "HeroExclusives" ("HeroId", "ItemsId") VALUES (19, 54);
INSERT INTO "HeroExclusives" ("HeroId", "ItemsId") VALUES (19, 55);
INSERT INTO "HeroExclusives" ("HeroId", "ItemsId") VALUES (19, 56);
INSERT INTO "HeroExclusives" ("HeroId", "ItemsId") VALUES (19, 57);
INSERT INTO "HeroExclusives" ("HeroId", "ItemsId") VALUES (19, 58);
INSERT INTO "HeroExclusives" ("HeroId", "ItemsId") VALUES (19, 59);
INSERT INTO "HeroExclusives" ("HeroId", "ItemsId") VALUES (19, 60);
INSERT INTO "HeroExclusives" ("HeroId", "ItemsId") VALUES (19, 61);
INSERT INTO "HeroExclusives" ("HeroId", "ItemsId") VALUES (19, 62);
INSERT INTO "HeroExclusives" ("HeroId", "ItemsId") VALUES (19, 63);
INSERT INTO "HeroExclusives" ("HeroId", "ItemsId") VALUES (19, 64);
INSERT INTO "HeroExclusives" ("HeroId", "ItemsId") VALUES (19, 65);
INSERT INTO "HeroExclusives" ("HeroId", "ItemsId") VALUES (19, 66);
INSERT INTO "HeroExclusives" ("HeroId", "ItemsId") VALUES (19, 67);
INSERT INTO "HeroExclusives" ("HeroId", "ItemsId") VALUES (19, 68);
INSERT INTO "HeroExclusives" ("HeroId", "ItemsId") VALUES (19, 69);
INSERT INTO "HeroExclusives" ("HeroId", "ItemsId") VALUES (19, 70);
INSERT INTO "HeroExclusives" ("HeroId", "ItemsId") VALUES (19, 71);
INSERT INTO "HeroExclusives" ("HeroId", "ItemsId") VALUES (19, 72);
INSERT INTO "HeroExclusives" ("HeroId", "ItemsId") VALUES (19, 73);
INSERT INTO "HeroExclusives" ("HeroId", "ItemsId") VALUES (19, 74);
INSERT INTO "HeroExclusives" ("HeroId", "ItemsId") VALUES (19, 75);
INSERT INTO "HeroExclusives" ("HeroId", "ItemsId") VALUES (19, 76);
INSERT INTO "HeroExclusives" ("HeroId", "ItemsId") VALUES (19, 77);
INSERT INTO "HeroExclusives" ("HeroId", "ItemsId") VALUES (19, 78);
INSERT INTO "HeroExclusives" ("HeroId", "ItemsId") VALUES (19, 79);
INSERT INTO "HeroExclusives" ("HeroId", "ItemsId") VALUES (19, 80);
INSERT INTO "HeroExclusives" ("HeroId", "ItemsId") VALUES (19, 81);
INSERT INTO "HeroExclusives" ("HeroId", "ItemsId") VALUES (19, 82);
INSERT INTO "HeroExclusives" ("HeroId", "ItemsId") VALUES (19, 83);
INSERT INTO "HeroExclusives" ("HeroId", "ItemsId") VALUES (19, 84);
INSERT INTO "HeroExclusives" ("HeroId", "ItemsId") VALUES (19, 85);
INSERT INTO "HeroExclusives" ("HeroId", "ItemsId") VALUES (19, 86);
INSERT INTO "HeroExclusives" ("HeroId", "ItemsId") VALUES (19, 87);
INSERT INTO "HeroExclusives" ("HeroId", "ItemsId") VALUES (19, 88);
INSERT INTO "HeroExclusives" ("HeroId", "ItemsId") VALUES (19, 89);
INSERT INTO "HeroExclusives" ("HeroId", "ItemsId") VALUES (19, 90);
INSERT INTO "HeroExclusives" ("HeroId", "ItemsId") VALUES (19, 91);
INSERT INTO "HeroExclusives" ("HeroId", "ItemsId") VALUES (19, 92);
INSERT INTO "HeroExclusives" ("HeroId", "ItemsId") VALUES (19, 93);
INSERT INTO "HeroExclusives" ("HeroId", "ItemsId") VALUES (20, 1);
INSERT INTO "HeroExclusives" ("HeroId", "ItemsId") VALUES (20, 2);
INSERT INTO "HeroExclusives" ("HeroId", "ItemsId") VALUES (20, 3);
INSERT INTO "HeroExclusives" ("HeroId", "ItemsId") VALUES (20, 4);
INSERT INTO "HeroExclusives" ("HeroId", "ItemsId") VALUES (20, 5);
INSERT INTO "HeroExclusives" ("HeroId", "ItemsId") VALUES (20, 6);
INSERT INTO "HeroExclusives" ("HeroId", "ItemsId") VALUES (20, 7);
INSERT INTO "HeroExclusives" ("HeroId", "ItemsId") VALUES (20, 8);
INSERT INTO "HeroExclusives" ("HeroId", "ItemsId") VALUES (20, 9);
INSERT INTO "HeroExclusives" ("HeroId", "ItemsId") VALUES (20, 10);
INSERT INTO "HeroExclusives" ("HeroId", "ItemsId") VALUES (20, 11);
INSERT INTO "HeroExclusives" ("HeroId", "ItemsId") VALUES (20, 12);
INSERT INTO "HeroExclusives" ("HeroId", "ItemsId") VALUES (20, 13);
INSERT INTO "HeroExclusives" ("HeroId", "ItemsId") VALUES (20, 14);
INSERT INTO "HeroExclusives" ("HeroId", "ItemsId") VALUES (20, 15);
INSERT INTO "HeroExclusives" ("HeroId", "ItemsId") VALUES (20, 16);
INSERT INTO "HeroExclusives" ("HeroId", "ItemsId") VALUES (20, 17);
INSERT INTO "HeroExclusives" ("HeroId", "ItemsId") VALUES (20, 18);
INSERT INTO "HeroExclusives" ("HeroId", "ItemsId") VALUES (20, 19);
INSERT INTO "HeroExclusives" ("HeroId", "ItemsId") VALUES (20, 20);
INSERT INTO "HeroExclusives" ("HeroId", "ItemsId") VALUES (20, 21);
INSERT INTO "HeroExclusives" ("HeroId", "ItemsId") VALUES (20, 22);
INSERT INTO "HeroExclusives" ("HeroId", "ItemsId") VALUES (20, 23);
INSERT INTO "HeroExclusives" ("HeroId", "ItemsId") VALUES (20, 24);
INSERT INTO "HeroExclusives" ("HeroId", "ItemsId") VALUES (20, 25);
INSERT INTO "HeroExclusives" ("HeroId", "ItemsId") VALUES (20, 26);
INSERT INTO "HeroExclusives" ("HeroId", "ItemsId") VALUES (20, 27);
INSERT INTO "HeroExclusives" ("HeroId", "ItemsId") VALUES (20, 28);
INSERT INTO "HeroExclusives" ("HeroId", "ItemsId") VALUES (20, 29);
INSERT INTO "HeroExclusives" ("HeroId", "ItemsId") VALUES (20, 30);
INSERT INTO "HeroExclusives" ("HeroId", "ItemsId") VALUES (20, 31);
INSERT INTO "HeroExclusives" ("HeroId", "ItemsId") VALUES (20, 32);
INSERT INTO "HeroExclusives" ("HeroId", "ItemsId") VALUES (20, 33);
INSERT INTO "HeroExclusives" ("HeroId", "ItemsId") VALUES (20, 34);
INSERT INTO "HeroExclusives" ("HeroId", "ItemsId") VALUES (20, 35);
INSERT INTO "HeroExclusives" ("HeroId", "ItemsId") VALUES (20, 36);
INSERT INTO "HeroExclusives" ("HeroId", "ItemsId") VALUES (20, 37);
INSERT INTO "HeroExclusives" ("HeroId", "ItemsId") VALUES (20, 38);
INSERT INTO "HeroExclusives" ("HeroId", "ItemsId") VALUES (20, 39);
INSERT INTO "HeroExclusives" ("HeroId", "ItemsId") VALUES (20, 40);
INSERT INTO "HeroExclusives" ("HeroId", "ItemsId") VALUES (20, 41);
INSERT INTO "HeroExclusives" ("HeroId", "ItemsId") VALUES (20, 42);
INSERT INTO "HeroExclusives" ("HeroId", "ItemsId") VALUES (20, 43);
INSERT INTO "HeroExclusives" ("HeroId", "ItemsId") VALUES (20, 44);
INSERT INTO "HeroExclusives" ("HeroId", "ItemsId") VALUES (20, 45);
INSERT INTO "HeroExclusives" ("HeroId", "ItemsId") VALUES (20, 46);
INSERT INTO "HeroExclusives" ("HeroId", "ItemsId") VALUES (20, 47);
INSERT INTO "HeroExclusives" ("HeroId", "ItemsId") VALUES (20, 48);
INSERT INTO "HeroExclusives" ("HeroId", "ItemsId") VALUES (20, 49);
INSERT INTO "HeroExclusives" ("HeroId", "ItemsId") VALUES (20, 50);
INSERT INTO "HeroExclusives" ("HeroId", "ItemsId") VALUES (20, 51);
INSERT INTO "HeroExclusives" ("HeroId", "ItemsId") VALUES (20, 52);
INSERT INTO "HeroExclusives" ("HeroId", "ItemsId") VALUES (20, 53);
INSERT INTO "HeroExclusives" ("HeroId", "ItemsId") VALUES (20, 54);
INSERT INTO "HeroExclusives" ("HeroId", "ItemsId") VALUES (20, 55);
INSERT INTO "HeroExclusives" ("HeroId", "ItemsId") VALUES (20, 56);
INSERT INTO "HeroExclusives" ("HeroId", "ItemsId") VALUES (20, 57);
INSERT INTO "HeroExclusives" ("HeroId", "ItemsId") VALUES (20, 58);
INSERT INTO "HeroExclusives" ("HeroId", "ItemsId") VALUES (20, 59);
INSERT INTO "HeroExclusives" ("HeroId", "ItemsId") VALUES (20, 60);
INSERT INTO "HeroExclusives" ("HeroId", "ItemsId") VALUES (20, 61);
INSERT INTO "HeroExclusives" ("HeroId", "ItemsId") VALUES (20, 62);
INSERT INTO "HeroExclusives" ("HeroId", "ItemsId") VALUES (20, 63);
INSERT INTO "HeroExclusives" ("HeroId", "ItemsId") VALUES (20, 64);
INSERT INTO "HeroExclusives" ("HeroId", "ItemsId") VALUES (20, 65);
INSERT INTO "HeroExclusives" ("HeroId", "ItemsId") VALUES (20, 66);
INSERT INTO "HeroExclusives" ("HeroId", "ItemsId") VALUES (20, 67);
INSERT INTO "HeroExclusives" ("HeroId", "ItemsId") VALUES (20, 68);
INSERT INTO "HeroExclusives" ("HeroId", "ItemsId") VALUES (20, 69);
INSERT INTO "HeroExclusives" ("HeroId", "ItemsId") VALUES (20, 70);
INSERT INTO "HeroExclusives" ("HeroId", "ItemsId") VALUES (20, 71);
INSERT INTO "HeroExclusives" ("HeroId", "ItemsId") VALUES (20, 72);
INSERT INTO "HeroExclusives" ("HeroId", "ItemsId") VALUES (20, 73);
INSERT INTO "HeroExclusives" ("HeroId", "ItemsId") VALUES (20, 74);
INSERT INTO "HeroExclusives" ("HeroId", "ItemsId") VALUES (20, 75);
INSERT INTO "HeroExclusives" ("HeroId", "ItemsId") VALUES (20, 76);
INSERT INTO "HeroExclusives" ("HeroId", "ItemsId") VALUES (20, 77);
INSERT INTO "HeroExclusives" ("HeroId", "ItemsId") VALUES (20, 78);
INSERT INTO "HeroExclusives" ("HeroId", "ItemsId") VALUES (20, 79);
INSERT INTO "HeroExclusives" ("HeroId", "ItemsId") VALUES (20, 80);
INSERT INTO "HeroExclusives" ("HeroId", "ItemsId") VALUES (20, 81);
INSERT INTO "HeroExclusives" ("HeroId", "ItemsId") VALUES (20, 82);
INSERT INTO "HeroExclusives" ("HeroId", "ItemsId") VALUES (20, 83);
INSERT INTO "HeroExclusives" ("HeroId", "ItemsId") VALUES (20, 84);
INSERT INTO "HeroExclusives" ("HeroId", "ItemsId") VALUES (20, 85);
INSERT INTO "HeroExclusives" ("HeroId", "ItemsId") VALUES (20, 86);
INSERT INTO "HeroExclusives" ("HeroId", "ItemsId") VALUES (20, 87);
INSERT INTO "HeroExclusives" ("HeroId", "ItemsId") VALUES (20, 88);
INSERT INTO "HeroExclusives" ("HeroId", "ItemsId") VALUES (20, 89);
INSERT INTO "HeroExclusives" ("HeroId", "ItemsId") VALUES (20, 90);
INSERT INTO "HeroExclusives" ("HeroId", "ItemsId") VALUES (20, 91);
INSERT INTO "HeroExclusives" ("HeroId", "ItemsId") VALUES (20, 92);
INSERT INTO "HeroExclusives" ("HeroId", "ItemsId") VALUES (20, 93);
INSERT INTO "HeroExclusives" ("HeroId", "ItemsId") VALUES (21, 1);
INSERT INTO "HeroExclusives" ("HeroId", "ItemsId") VALUES (21, 2);
INSERT INTO "HeroExclusives" ("HeroId", "ItemsId") VALUES (21, 3);
INSERT INTO "HeroExclusives" ("HeroId", "ItemsId") VALUES (21, 4);
INSERT INTO "HeroExclusives" ("HeroId", "ItemsId") VALUES (21, 5);
INSERT INTO "HeroExclusives" ("HeroId", "ItemsId") VALUES (21, 6);
INSERT INTO "HeroExclusives" ("HeroId", "ItemsId") VALUES (21, 7);
INSERT INTO "HeroExclusives" ("HeroId", "ItemsId") VALUES (21, 8);
INSERT INTO "HeroExclusives" ("HeroId", "ItemsId") VALUES (21, 9);
INSERT INTO "HeroExclusives" ("HeroId", "ItemsId") VALUES (21, 10);
INSERT INTO "HeroExclusives" ("HeroId", "ItemsId") VALUES (21, 11);
INSERT INTO "HeroExclusives" ("HeroId", "ItemsId") VALUES (21, 12);
INSERT INTO "HeroExclusives" ("HeroId", "ItemsId") VALUES (21, 13);
INSERT INTO "HeroExclusives" ("HeroId", "ItemsId") VALUES (21, 14);
INSERT INTO "HeroExclusives" ("HeroId", "ItemsId") VALUES (21, 15);
INSERT INTO "HeroExclusives" ("HeroId", "ItemsId") VALUES (21, 16);
INSERT INTO "HeroExclusives" ("HeroId", "ItemsId") VALUES (21, 17);
INSERT INTO "HeroExclusives" ("HeroId", "ItemsId") VALUES (21, 18);
INSERT INTO "HeroExclusives" ("HeroId", "ItemsId") VALUES (21, 19);
INSERT INTO "HeroExclusives" ("HeroId", "ItemsId") VALUES (21, 20);
INSERT INTO "HeroExclusives" ("HeroId", "ItemsId") VALUES (21, 21);
INSERT INTO "HeroExclusives" ("HeroId", "ItemsId") VALUES (21, 22);
INSERT INTO "HeroExclusives" ("HeroId", "ItemsId") VALUES (21, 23);
INSERT INTO "HeroExclusives" ("HeroId", "ItemsId") VALUES (21, 24);
INSERT INTO "HeroExclusives" ("HeroId", "ItemsId") VALUES (21, 25);
INSERT INTO "HeroExclusives" ("HeroId", "ItemsId") VALUES (21, 26);
INSERT INTO "HeroExclusives" ("HeroId", "ItemsId") VALUES (21, 27);
INSERT INTO "HeroExclusives" ("HeroId", "ItemsId") VALUES (21, 28);
INSERT INTO "HeroExclusives" ("HeroId", "ItemsId") VALUES (21, 29);
INSERT INTO "HeroExclusives" ("HeroId", "ItemsId") VALUES (21, 30);
INSERT INTO "HeroExclusives" ("HeroId", "ItemsId") VALUES (21, 31);
INSERT INTO "HeroExclusives" ("HeroId", "ItemsId") VALUES (21, 32);
INSERT INTO "HeroExclusives" ("HeroId", "ItemsId") VALUES (21, 33);
INSERT INTO "HeroExclusives" ("HeroId", "ItemsId") VALUES (21, 34);
INSERT INTO "HeroExclusives" ("HeroId", "ItemsId") VALUES (21, 35);
INSERT INTO "HeroExclusives" ("HeroId", "ItemsId") VALUES (21, 36);
INSERT INTO "HeroExclusives" ("HeroId", "ItemsId") VALUES (21, 37);
INSERT INTO "HeroExclusives" ("HeroId", "ItemsId") VALUES (21, 38);
INSERT INTO "HeroExclusives" ("HeroId", "ItemsId") VALUES (21, 39);
INSERT INTO "HeroExclusives" ("HeroId", "ItemsId") VALUES (21, 40);
INSERT INTO "HeroExclusives" ("HeroId", "ItemsId") VALUES (21, 41);
INSERT INTO "HeroExclusives" ("HeroId", "ItemsId") VALUES (21, 42);
INSERT INTO "HeroExclusives" ("HeroId", "ItemsId") VALUES (21, 43);
INSERT INTO "HeroExclusives" ("HeroId", "ItemsId") VALUES (21, 44);
INSERT INTO "HeroExclusives" ("HeroId", "ItemsId") VALUES (21, 45);
INSERT INTO "HeroExclusives" ("HeroId", "ItemsId") VALUES (21, 46);
INSERT INTO "HeroExclusives" ("HeroId", "ItemsId") VALUES (21, 47);
INSERT INTO "HeroExclusives" ("HeroId", "ItemsId") VALUES (21, 48);
INSERT INTO "HeroExclusives" ("HeroId", "ItemsId") VALUES (21, 49);
INSERT INTO "HeroExclusives" ("HeroId", "ItemsId") VALUES (21, 50);
INSERT INTO "HeroExclusives" ("HeroId", "ItemsId") VALUES (21, 51);
INSERT INTO "HeroExclusives" ("HeroId", "ItemsId") VALUES (21, 52);
INSERT INTO "HeroExclusives" ("HeroId", "ItemsId") VALUES (21, 53);
INSERT INTO "HeroExclusives" ("HeroId", "ItemsId") VALUES (21, 54);
INSERT INTO "HeroExclusives" ("HeroId", "ItemsId") VALUES (21, 55);
INSERT INTO "HeroExclusives" ("HeroId", "ItemsId") VALUES (21, 56);
INSERT INTO "HeroExclusives" ("HeroId", "ItemsId") VALUES (21, 57);
INSERT INTO "HeroExclusives" ("HeroId", "ItemsId") VALUES (21, 58);
INSERT INTO "HeroExclusives" ("HeroId", "ItemsId") VALUES (21, 59);
INSERT INTO "HeroExclusives" ("HeroId", "ItemsId") VALUES (21, 60);
INSERT INTO "HeroExclusives" ("HeroId", "ItemsId") VALUES (21, 61);
INSERT INTO "HeroExclusives" ("HeroId", "ItemsId") VALUES (21, 62);
INSERT INTO "HeroExclusives" ("HeroId", "ItemsId") VALUES (21, 63);
INSERT INTO "HeroExclusives" ("HeroId", "ItemsId") VALUES (21, 64);
INSERT INTO "HeroExclusives" ("HeroId", "ItemsId") VALUES (21, 65);
INSERT INTO "HeroExclusives" ("HeroId", "ItemsId") VALUES (21, 66);
INSERT INTO "HeroExclusives" ("HeroId", "ItemsId") VALUES (21, 67);
INSERT INTO "HeroExclusives" ("HeroId", "ItemsId") VALUES (21, 68);
INSERT INTO "HeroExclusives" ("HeroId", "ItemsId") VALUES (21, 69);
INSERT INTO "HeroExclusives" ("HeroId", "ItemsId") VALUES (21, 70);
INSERT INTO "HeroExclusives" ("HeroId", "ItemsId") VALUES (21, 71);
INSERT INTO "HeroExclusives" ("HeroId", "ItemsId") VALUES (21, 72);
INSERT INTO "HeroExclusives" ("HeroId", "ItemsId") VALUES (21, 73);
INSERT INTO "HeroExclusives" ("HeroId", "ItemsId") VALUES (21, 74);
INSERT INTO "HeroExclusives" ("HeroId", "ItemsId") VALUES (21, 75);
INSERT INTO "HeroExclusives" ("HeroId", "ItemsId") VALUES (21, 76);
INSERT INTO "HeroExclusives" ("HeroId", "ItemsId") VALUES (21, 77);
INSERT INTO "HeroExclusives" ("HeroId", "ItemsId") VALUES (21, 78);
INSERT INTO "HeroExclusives" ("HeroId", "ItemsId") VALUES (21, 79);
INSERT INTO "HeroExclusives" ("HeroId", "ItemsId") VALUES (21, 80);
INSERT INTO "HeroExclusives" ("HeroId", "ItemsId") VALUES (21, 81);
INSERT INTO "HeroExclusives" ("HeroId", "ItemsId") VALUES (21, 82);
INSERT INTO "HeroExclusives" ("HeroId", "ItemsId") VALUES (21, 83);
INSERT INTO "HeroExclusives" ("HeroId", "ItemsId") VALUES (21, 84);
INSERT INTO "HeroExclusives" ("HeroId", "ItemsId") VALUES (21, 85);
INSERT INTO "HeroExclusives" ("HeroId", "ItemsId") VALUES (21, 86);
INSERT INTO "HeroExclusives" ("HeroId", "ItemsId") VALUES (21, 87);
INSERT INTO "HeroExclusives" ("HeroId", "ItemsId") VALUES (21, 88);
INSERT INTO "HeroExclusives" ("HeroId", "ItemsId") VALUES (21, 89);
INSERT INTO "HeroExclusives" ("HeroId", "ItemsId") VALUES (21, 90);
INSERT INTO "HeroExclusives" ("HeroId", "ItemsId") VALUES (21, 91);
INSERT INTO "HeroExclusives" ("HeroId", "ItemsId") VALUES (21, 92);
INSERT INTO "HeroExclusives" ("HeroId", "ItemsId") VALUES (21, 93);
INSERT INTO "HeroExclusives" ("HeroId", "ItemsId") VALUES (22, 1);
INSERT INTO "HeroExclusives" ("HeroId", "ItemsId") VALUES (22, 2);
INSERT INTO "HeroExclusives" ("HeroId", "ItemsId") VALUES (22, 3);
INSERT INTO "HeroExclusives" ("HeroId", "ItemsId") VALUES (22, 4);
INSERT INTO "HeroExclusives" ("HeroId", "ItemsId") VALUES (22, 5);
INSERT INTO "HeroExclusives" ("HeroId", "ItemsId") VALUES (22, 6);
INSERT INTO "HeroExclusives" ("HeroId", "ItemsId") VALUES (22, 7);
INSERT INTO "HeroExclusives" ("HeroId", "ItemsId") VALUES (22, 8);
INSERT INTO "HeroExclusives" ("HeroId", "ItemsId") VALUES (22, 9);
INSERT INTO "HeroExclusives" ("HeroId", "ItemsId") VALUES (22, 10);
INSERT INTO "HeroExclusives" ("HeroId", "ItemsId") VALUES (22, 11);
INSERT INTO "HeroExclusives" ("HeroId", "ItemsId") VALUES (22, 12);
INSERT INTO "HeroExclusives" ("HeroId", "ItemsId") VALUES (22, 13);
INSERT INTO "HeroExclusives" ("HeroId", "ItemsId") VALUES (22, 14);
INSERT INTO "HeroExclusives" ("HeroId", "ItemsId") VALUES (22, 15);
INSERT INTO "HeroExclusives" ("HeroId", "ItemsId") VALUES (22, 16);
INSERT INTO "HeroExclusives" ("HeroId", "ItemsId") VALUES (22, 17);
INSERT INTO "HeroExclusives" ("HeroId", "ItemsId") VALUES (22, 18);
INSERT INTO "HeroExclusives" ("HeroId", "ItemsId") VALUES (22, 19);
INSERT INTO "HeroExclusives" ("HeroId", "ItemsId") VALUES (22, 20);
INSERT INTO "HeroExclusives" ("HeroId", "ItemsId") VALUES (22, 21);
INSERT INTO "HeroExclusives" ("HeroId", "ItemsId") VALUES (22, 22);
INSERT INTO "HeroExclusives" ("HeroId", "ItemsId") VALUES (22, 23);
INSERT INTO "HeroExclusives" ("HeroId", "ItemsId") VALUES (22, 24);
INSERT INTO "HeroExclusives" ("HeroId", "ItemsId") VALUES (22, 25);
INSERT INTO "HeroExclusives" ("HeroId", "ItemsId") VALUES (22, 26);
INSERT INTO "HeroExclusives" ("HeroId", "ItemsId") VALUES (22, 27);
INSERT INTO "HeroExclusives" ("HeroId", "ItemsId") VALUES (22, 28);
INSERT INTO "HeroExclusives" ("HeroId", "ItemsId") VALUES (22, 29);
INSERT INTO "HeroExclusives" ("HeroId", "ItemsId") VALUES (22, 30);
INSERT INTO "HeroExclusives" ("HeroId", "ItemsId") VALUES (22, 31);
INSERT INTO "HeroExclusives" ("HeroId", "ItemsId") VALUES (22, 32);
INSERT INTO "HeroExclusives" ("HeroId", "ItemsId") VALUES (22, 33);
INSERT INTO "HeroExclusives" ("HeroId", "ItemsId") VALUES (22, 34);
INSERT INTO "HeroExclusives" ("HeroId", "ItemsId") VALUES (22, 35);
INSERT INTO "HeroExclusives" ("HeroId", "ItemsId") VALUES (22, 36);
INSERT INTO "HeroExclusives" ("HeroId", "ItemsId") VALUES (22, 37);
INSERT INTO "HeroExclusives" ("HeroId", "ItemsId") VALUES (22, 38);
INSERT INTO "HeroExclusives" ("HeroId", "ItemsId") VALUES (22, 39);
INSERT INTO "HeroExclusives" ("HeroId", "ItemsId") VALUES (22, 40);
INSERT INTO "HeroExclusives" ("HeroId", "ItemsId") VALUES (22, 41);
INSERT INTO "HeroExclusives" ("HeroId", "ItemsId") VALUES (22, 42);
INSERT INTO "HeroExclusives" ("HeroId", "ItemsId") VALUES (22, 43);
INSERT INTO "HeroExclusives" ("HeroId", "ItemsId") VALUES (22, 44);
INSERT INTO "HeroExclusives" ("HeroId", "ItemsId") VALUES (22, 45);
INSERT INTO "HeroExclusives" ("HeroId", "ItemsId") VALUES (22, 46);
INSERT INTO "HeroExclusives" ("HeroId", "ItemsId") VALUES (22, 47);
INSERT INTO "HeroExclusives" ("HeroId", "ItemsId") VALUES (22, 48);
INSERT INTO "HeroExclusives" ("HeroId", "ItemsId") VALUES (22, 49);
INSERT INTO "HeroExclusives" ("HeroId", "ItemsId") VALUES (22, 50);
INSERT INTO "HeroExclusives" ("HeroId", "ItemsId") VALUES (22, 51);
INSERT INTO "HeroExclusives" ("HeroId", "ItemsId") VALUES (22, 52);
INSERT INTO "HeroExclusives" ("HeroId", "ItemsId") VALUES (22, 53);
INSERT INTO "HeroExclusives" ("HeroId", "ItemsId") VALUES (22, 54);
INSERT INTO "HeroExclusives" ("HeroId", "ItemsId") VALUES (22, 55);
INSERT INTO "HeroExclusives" ("HeroId", "ItemsId") VALUES (22, 56);
INSERT INTO "HeroExclusives" ("HeroId", "ItemsId") VALUES (22, 57);
INSERT INTO "HeroExclusives" ("HeroId", "ItemsId") VALUES (22, 58);
INSERT INTO "HeroExclusives" ("HeroId", "ItemsId") VALUES (22, 59);
INSERT INTO "HeroExclusives" ("HeroId", "ItemsId") VALUES (22, 60);
INSERT INTO "HeroExclusives" ("HeroId", "ItemsId") VALUES (22, 61);
INSERT INTO "HeroExclusives" ("HeroId", "ItemsId") VALUES (22, 62);
INSERT INTO "HeroExclusives" ("HeroId", "ItemsId") VALUES (22, 63);
INSERT INTO "HeroExclusives" ("HeroId", "ItemsId") VALUES (22, 64);
INSERT INTO "HeroExclusives" ("HeroId", "ItemsId") VALUES (22, 65);
INSERT INTO "HeroExclusives" ("HeroId", "ItemsId") VALUES (22, 66);
INSERT INTO "HeroExclusives" ("HeroId", "ItemsId") VALUES (22, 67);
INSERT INTO "HeroExclusives" ("HeroId", "ItemsId") VALUES (22, 68);
INSERT INTO "HeroExclusives" ("HeroId", "ItemsId") VALUES (22, 69);
INSERT INTO "HeroExclusives" ("HeroId", "ItemsId") VALUES (22, 70);
INSERT INTO "HeroExclusives" ("HeroId", "ItemsId") VALUES (22, 71);
INSERT INTO "HeroExclusives" ("HeroId", "ItemsId") VALUES (22, 72);
INSERT INTO "HeroExclusives" ("HeroId", "ItemsId") VALUES (22, 73);
INSERT INTO "HeroExclusives" ("HeroId", "ItemsId") VALUES (22, 74);
INSERT INTO "HeroExclusives" ("HeroId", "ItemsId") VALUES (22, 75);
INSERT INTO "HeroExclusives" ("HeroId", "ItemsId") VALUES (22, 76);
INSERT INTO "HeroExclusives" ("HeroId", "ItemsId") VALUES (22, 77);
INSERT INTO "HeroExclusives" ("HeroId", "ItemsId") VALUES (22, 78);
INSERT INTO "HeroExclusives" ("HeroId", "ItemsId") VALUES (22, 79);
INSERT INTO "HeroExclusives" ("HeroId", "ItemsId") VALUES (22, 80);
INSERT INTO "HeroExclusives" ("HeroId", "ItemsId") VALUES (22, 81);
INSERT INTO "HeroExclusives" ("HeroId", "ItemsId") VALUES (22, 82);
INSERT INTO "HeroExclusives" ("HeroId", "ItemsId") VALUES (22, 83);
INSERT INTO "HeroExclusives" ("HeroId", "ItemsId") VALUES (22, 84);
INSERT INTO "HeroExclusives" ("HeroId", "ItemsId") VALUES (22, 85);
INSERT INTO "HeroExclusives" ("HeroId", "ItemsId") VALUES (22, 86);
INSERT INTO "HeroExclusives" ("HeroId", "ItemsId") VALUES (22, 87);
INSERT INTO "HeroExclusives" ("HeroId", "ItemsId") VALUES (22, 88);
INSERT INTO "HeroExclusives" ("HeroId", "ItemsId") VALUES (22, 89);
INSERT INTO "HeroExclusives" ("HeroId", "ItemsId") VALUES (22, 90);
INSERT INTO "HeroExclusives" ("HeroId", "ItemsId") VALUES (22, 91);
INSERT INTO "HeroExclusives" ("HeroId", "ItemsId") VALUES (22, 92);
INSERT INTO "HeroExclusives" ("HeroId", "ItemsId") VALUES (22, 93);
INSERT INTO "HeroExclusives" ("HeroId", "ItemsId") VALUES (23, 1);
INSERT INTO "HeroExclusives" ("HeroId", "ItemsId") VALUES (23, 2);
INSERT INTO "HeroExclusives" ("HeroId", "ItemsId") VALUES (23, 3);
INSERT INTO "HeroExclusives" ("HeroId", "ItemsId") VALUES (23, 4);
INSERT INTO "HeroExclusives" ("HeroId", "ItemsId") VALUES (23, 5);
INSERT INTO "HeroExclusives" ("HeroId", "ItemsId") VALUES (23, 6);
INSERT INTO "HeroExclusives" ("HeroId", "ItemsId") VALUES (23, 7);
INSERT INTO "HeroExclusives" ("HeroId", "ItemsId") VALUES (23, 8);
INSERT INTO "HeroExclusives" ("HeroId", "ItemsId") VALUES (23, 9);
INSERT INTO "HeroExclusives" ("HeroId", "ItemsId") VALUES (23, 10);
INSERT INTO "HeroExclusives" ("HeroId", "ItemsId") VALUES (23, 11);
INSERT INTO "HeroExclusives" ("HeroId", "ItemsId") VALUES (23, 12);
INSERT INTO "HeroExclusives" ("HeroId", "ItemsId") VALUES (23, 13);
INSERT INTO "HeroExclusives" ("HeroId", "ItemsId") VALUES (23, 14);
INSERT INTO "HeroExclusives" ("HeroId", "ItemsId") VALUES (23, 15);
INSERT INTO "HeroExclusives" ("HeroId", "ItemsId") VALUES (23, 16);
INSERT INTO "HeroExclusives" ("HeroId", "ItemsId") VALUES (23, 17);
INSERT INTO "HeroExclusives" ("HeroId", "ItemsId") VALUES (23, 18);
INSERT INTO "HeroExclusives" ("HeroId", "ItemsId") VALUES (23, 19);
INSERT INTO "HeroExclusives" ("HeroId", "ItemsId") VALUES (23, 20);
INSERT INTO "HeroExclusives" ("HeroId", "ItemsId") VALUES (23, 21);
INSERT INTO "HeroExclusives" ("HeroId", "ItemsId") VALUES (23, 22);
INSERT INTO "HeroExclusives" ("HeroId", "ItemsId") VALUES (23, 23);
INSERT INTO "HeroExclusives" ("HeroId", "ItemsId") VALUES (23, 24);
INSERT INTO "HeroExclusives" ("HeroId", "ItemsId") VALUES (23, 25);
INSERT INTO "HeroExclusives" ("HeroId", "ItemsId") VALUES (23, 26);
INSERT INTO "HeroExclusives" ("HeroId", "ItemsId") VALUES (23, 27);
INSERT INTO "HeroExclusives" ("HeroId", "ItemsId") VALUES (23, 28);
INSERT INTO "HeroExclusives" ("HeroId", "ItemsId") VALUES (23, 29);
INSERT INTO "HeroExclusives" ("HeroId", "ItemsId") VALUES (23, 30);
INSERT INTO "HeroExclusives" ("HeroId", "ItemsId") VALUES (23, 31);
INSERT INTO "HeroExclusives" ("HeroId", "ItemsId") VALUES (23, 32);
INSERT INTO "HeroExclusives" ("HeroId", "ItemsId") VALUES (23, 33);
INSERT INTO "HeroExclusives" ("HeroId", "ItemsId") VALUES (23, 34);
INSERT INTO "HeroExclusives" ("HeroId", "ItemsId") VALUES (23, 35);
INSERT INTO "HeroExclusives" ("HeroId", "ItemsId") VALUES (23, 36);
INSERT INTO "HeroExclusives" ("HeroId", "ItemsId") VALUES (23, 37);
INSERT INTO "HeroExclusives" ("HeroId", "ItemsId") VALUES (23, 38);
INSERT INTO "HeroExclusives" ("HeroId", "ItemsId") VALUES (23, 39);
INSERT INTO "HeroExclusives" ("HeroId", "ItemsId") VALUES (23, 40);
INSERT INTO "HeroExclusives" ("HeroId", "ItemsId") VALUES (23, 41);
INSERT INTO "HeroExclusives" ("HeroId", "ItemsId") VALUES (23, 42);
INSERT INTO "HeroExclusives" ("HeroId", "ItemsId") VALUES (23, 43);
INSERT INTO "HeroExclusives" ("HeroId", "ItemsId") VALUES (23, 44);
INSERT INTO "HeroExclusives" ("HeroId", "ItemsId") VALUES (23, 45);
INSERT INTO "HeroExclusives" ("HeroId", "ItemsId") VALUES (23, 46);
INSERT INTO "HeroExclusives" ("HeroId", "ItemsId") VALUES (23, 47);
INSERT INTO "HeroExclusives" ("HeroId", "ItemsId") VALUES (23, 48);
INSERT INTO "HeroExclusives" ("HeroId", "ItemsId") VALUES (23, 49);
INSERT INTO "HeroExclusives" ("HeroId", "ItemsId") VALUES (23, 50);
INSERT INTO "HeroExclusives" ("HeroId", "ItemsId") VALUES (23, 51);
INSERT INTO "HeroExclusives" ("HeroId", "ItemsId") VALUES (23, 52);
INSERT INTO "HeroExclusives" ("HeroId", "ItemsId") VALUES (23, 53);
INSERT INTO "HeroExclusives" ("HeroId", "ItemsId") VALUES (23, 54);
INSERT INTO "HeroExclusives" ("HeroId", "ItemsId") VALUES (23, 55);
INSERT INTO "HeroExclusives" ("HeroId", "ItemsId") VALUES (23, 56);
INSERT INTO "HeroExclusives" ("HeroId", "ItemsId") VALUES (23, 57);
INSERT INTO "HeroExclusives" ("HeroId", "ItemsId") VALUES (23, 58);
INSERT INTO "HeroExclusives" ("HeroId", "ItemsId") VALUES (23, 59);
INSERT INTO "HeroExclusives" ("HeroId", "ItemsId") VALUES (23, 60);
INSERT INTO "HeroExclusives" ("HeroId", "ItemsId") VALUES (23, 61);
INSERT INTO "HeroExclusives" ("HeroId", "ItemsId") VALUES (23, 62);
INSERT INTO "HeroExclusives" ("HeroId", "ItemsId") VALUES (23, 63);
INSERT INTO "HeroExclusives" ("HeroId", "ItemsId") VALUES (23, 64);
INSERT INTO "HeroExclusives" ("HeroId", "ItemsId") VALUES (23, 65);
INSERT INTO "HeroExclusives" ("HeroId", "ItemsId") VALUES (23, 66);
INSERT INTO "HeroExclusives" ("HeroId", "ItemsId") VALUES (23, 67);
INSERT INTO "HeroExclusives" ("HeroId", "ItemsId") VALUES (23, 68);
INSERT INTO "HeroExclusives" ("HeroId", "ItemsId") VALUES (23, 69);
INSERT INTO "HeroExclusives" ("HeroId", "ItemsId") VALUES (23, 70);
INSERT INTO "HeroExclusives" ("HeroId", "ItemsId") VALUES (23, 71);
INSERT INTO "HeroExclusives" ("HeroId", "ItemsId") VALUES (23, 72);
INSERT INTO "HeroExclusives" ("HeroId", "ItemsId") VALUES (23, 73);
INSERT INTO "HeroExclusives" ("HeroId", "ItemsId") VALUES (23, 74);
INSERT INTO "HeroExclusives" ("HeroId", "ItemsId") VALUES (23, 75);
INSERT INTO "HeroExclusives" ("HeroId", "ItemsId") VALUES (23, 76);
INSERT INTO "HeroExclusives" ("HeroId", "ItemsId") VALUES (23, 77);
INSERT INTO "HeroExclusives" ("HeroId", "ItemsId") VALUES (23, 78);
INSERT INTO "HeroExclusives" ("HeroId", "ItemsId") VALUES (23, 79);
INSERT INTO "HeroExclusives" ("HeroId", "ItemsId") VALUES (23, 80);
INSERT INTO "HeroExclusives" ("HeroId", "ItemsId") VALUES (23, 81);
INSERT INTO "HeroExclusives" ("HeroId", "ItemsId") VALUES (23, 82);
INSERT INTO "HeroExclusives" ("HeroId", "ItemsId") VALUES (23, 83);
INSERT INTO "HeroExclusives" ("HeroId", "ItemsId") VALUES (23, 84);
INSERT INTO "HeroExclusives" ("HeroId", "ItemsId") VALUES (23, 85);
INSERT INTO "HeroExclusives" ("HeroId", "ItemsId") VALUES (23, 86);
INSERT INTO "HeroExclusives" ("HeroId", "ItemsId") VALUES (23, 87);
INSERT INTO "HeroExclusives" ("HeroId", "ItemsId") VALUES (23, 88);
INSERT INTO "HeroExclusives" ("HeroId", "ItemsId") VALUES (23, 89);
INSERT INTO "HeroExclusives" ("HeroId", "ItemsId") VALUES (23, 90);
INSERT INTO "HeroExclusives" ("HeroId", "ItemsId") VALUES (23, 91);
INSERT INTO "HeroExclusives" ("HeroId", "ItemsId") VALUES (23, 92);
INSERT INTO "HeroExclusives" ("HeroId", "ItemsId") VALUES (23, 93);
INSERT INTO "HeroExclusives" ("HeroId", "ItemsId") VALUES (24, 1);
INSERT INTO "HeroExclusives" ("HeroId", "ItemsId") VALUES (24, 2);
INSERT INTO "HeroExclusives" ("HeroId", "ItemsId") VALUES (24, 3);
INSERT INTO "HeroExclusives" ("HeroId", "ItemsId") VALUES (24, 4);
INSERT INTO "HeroExclusives" ("HeroId", "ItemsId") VALUES (24, 5);
INSERT INTO "HeroExclusives" ("HeroId", "ItemsId") VALUES (24, 6);
INSERT INTO "HeroExclusives" ("HeroId", "ItemsId") VALUES (24, 7);
INSERT INTO "HeroExclusives" ("HeroId", "ItemsId") VALUES (24, 8);
INSERT INTO "HeroExclusives" ("HeroId", "ItemsId") VALUES (24, 9);
INSERT INTO "HeroExclusives" ("HeroId", "ItemsId") VALUES (24, 10);
INSERT INTO "HeroExclusives" ("HeroId", "ItemsId") VALUES (24, 11);
INSERT INTO "HeroExclusives" ("HeroId", "ItemsId") VALUES (24, 12);
INSERT INTO "HeroExclusives" ("HeroId", "ItemsId") VALUES (24, 13);
INSERT INTO "HeroExclusives" ("HeroId", "ItemsId") VALUES (24, 14);
INSERT INTO "HeroExclusives" ("HeroId", "ItemsId") VALUES (24, 15);
INSERT INTO "HeroExclusives" ("HeroId", "ItemsId") VALUES (24, 16);
INSERT INTO "HeroExclusives" ("HeroId", "ItemsId") VALUES (24, 17);
INSERT INTO "HeroExclusives" ("HeroId", "ItemsId") VALUES (24, 18);
INSERT INTO "HeroExclusives" ("HeroId", "ItemsId") VALUES (24, 19);
INSERT INTO "HeroExclusives" ("HeroId", "ItemsId") VALUES (24, 20);
INSERT INTO "HeroExclusives" ("HeroId", "ItemsId") VALUES (24, 21);
INSERT INTO "HeroExclusives" ("HeroId", "ItemsId") VALUES (24, 22);
INSERT INTO "HeroExclusives" ("HeroId", "ItemsId") VALUES (24, 23);
INSERT INTO "HeroExclusives" ("HeroId", "ItemsId") VALUES (24, 24);
INSERT INTO "HeroExclusives" ("HeroId", "ItemsId") VALUES (24, 25);
INSERT INTO "HeroExclusives" ("HeroId", "ItemsId") VALUES (24, 26);
INSERT INTO "HeroExclusives" ("HeroId", "ItemsId") VALUES (24, 27);
INSERT INTO "HeroExclusives" ("HeroId", "ItemsId") VALUES (24, 28);
INSERT INTO "HeroExclusives" ("HeroId", "ItemsId") VALUES (24, 29);
INSERT INTO "HeroExclusives" ("HeroId", "ItemsId") VALUES (24, 30);
INSERT INTO "HeroExclusives" ("HeroId", "ItemsId") VALUES (24, 31);
INSERT INTO "HeroExclusives" ("HeroId", "ItemsId") VALUES (24, 32);
INSERT INTO "HeroExclusives" ("HeroId", "ItemsId") VALUES (24, 33);
INSERT INTO "HeroExclusives" ("HeroId", "ItemsId") VALUES (24, 34);
INSERT INTO "HeroExclusives" ("HeroId", "ItemsId") VALUES (24, 35);
INSERT INTO "HeroExclusives" ("HeroId", "ItemsId") VALUES (24, 36);
INSERT INTO "HeroExclusives" ("HeroId", "ItemsId") VALUES (24, 37);
INSERT INTO "HeroExclusives" ("HeroId", "ItemsId") VALUES (24, 38);
INSERT INTO "HeroExclusives" ("HeroId", "ItemsId") VALUES (24, 39);
INSERT INTO "HeroExclusives" ("HeroId", "ItemsId") VALUES (24, 40);
INSERT INTO "HeroExclusives" ("HeroId", "ItemsId") VALUES (24, 41);
INSERT INTO "HeroExclusives" ("HeroId", "ItemsId") VALUES (24, 42);
INSERT INTO "HeroExclusives" ("HeroId", "ItemsId") VALUES (24, 43);
INSERT INTO "HeroExclusives" ("HeroId", "ItemsId") VALUES (24, 44);
INSERT INTO "HeroExclusives" ("HeroId", "ItemsId") VALUES (24, 45);
INSERT INTO "HeroExclusives" ("HeroId", "ItemsId") VALUES (24, 46);
INSERT INTO "HeroExclusives" ("HeroId", "ItemsId") VALUES (24, 47);
INSERT INTO "HeroExclusives" ("HeroId", "ItemsId") VALUES (24, 48);
INSERT INTO "HeroExclusives" ("HeroId", "ItemsId") VALUES (24, 49);
INSERT INTO "HeroExclusives" ("HeroId", "ItemsId") VALUES (24, 50);
INSERT INTO "HeroExclusives" ("HeroId", "ItemsId") VALUES (24, 51);
INSERT INTO "HeroExclusives" ("HeroId", "ItemsId") VALUES (24, 52);
INSERT INTO "HeroExclusives" ("HeroId", "ItemsId") VALUES (24, 53);
INSERT INTO "HeroExclusives" ("HeroId", "ItemsId") VALUES (24, 54);
INSERT INTO "HeroExclusives" ("HeroId", "ItemsId") VALUES (24, 55);
INSERT INTO "HeroExclusives" ("HeroId", "ItemsId") VALUES (24, 56);
INSERT INTO "HeroExclusives" ("HeroId", "ItemsId") VALUES (24, 57);
INSERT INTO "HeroExclusives" ("HeroId", "ItemsId") VALUES (24, 58);
INSERT INTO "HeroExclusives" ("HeroId", "ItemsId") VALUES (24, 59);
INSERT INTO "HeroExclusives" ("HeroId", "ItemsId") VALUES (24, 60);
INSERT INTO "HeroExclusives" ("HeroId", "ItemsId") VALUES (24, 61);
INSERT INTO "HeroExclusives" ("HeroId", "ItemsId") VALUES (24, 62);
INSERT INTO "HeroExclusives" ("HeroId", "ItemsId") VALUES (24, 63);
INSERT INTO "HeroExclusives" ("HeroId", "ItemsId") VALUES (24, 64);
INSERT INTO "HeroExclusives" ("HeroId", "ItemsId") VALUES (24, 65);
INSERT INTO "HeroExclusives" ("HeroId", "ItemsId") VALUES (24, 66);
INSERT INTO "HeroExclusives" ("HeroId", "ItemsId") VALUES (24, 67);
INSERT INTO "HeroExclusives" ("HeroId", "ItemsId") VALUES (24, 68);
INSERT INTO "HeroExclusives" ("HeroId", "ItemsId") VALUES (24, 69);
INSERT INTO "HeroExclusives" ("HeroId", "ItemsId") VALUES (24, 70);
INSERT INTO "HeroExclusives" ("HeroId", "ItemsId") VALUES (24, 71);
INSERT INTO "HeroExclusives" ("HeroId", "ItemsId") VALUES (24, 72);
INSERT INTO "HeroExclusives" ("HeroId", "ItemsId") VALUES (24, 73);
INSERT INTO "HeroExclusives" ("HeroId", "ItemsId") VALUES (24, 74);
INSERT INTO "HeroExclusives" ("HeroId", "ItemsId") VALUES (24, 75);
INSERT INTO "HeroExclusives" ("HeroId", "ItemsId") VALUES (24, 76);
INSERT INTO "HeroExclusives" ("HeroId", "ItemsId") VALUES (24, 77);
INSERT INTO "HeroExclusives" ("HeroId", "ItemsId") VALUES (24, 78);
INSERT INTO "HeroExclusives" ("HeroId", "ItemsId") VALUES (24, 79);
INSERT INTO "HeroExclusives" ("HeroId", "ItemsId") VALUES (24, 80);
INSERT INTO "HeroExclusives" ("HeroId", "ItemsId") VALUES (24, 81);
INSERT INTO "HeroExclusives" ("HeroId", "ItemsId") VALUES (24, 82);
INSERT INTO "HeroExclusives" ("HeroId", "ItemsId") VALUES (24, 83);
INSERT INTO "HeroExclusives" ("HeroId", "ItemsId") VALUES (24, 84);
INSERT INTO "HeroExclusives" ("HeroId", "ItemsId") VALUES (24, 85);
INSERT INTO "HeroExclusives" ("HeroId", "ItemsId") VALUES (24, 86);
INSERT INTO "HeroExclusives" ("HeroId", "ItemsId") VALUES (24, 87);
INSERT INTO "HeroExclusives" ("HeroId", "ItemsId") VALUES (24, 88);
INSERT INTO "HeroExclusives" ("HeroId", "ItemsId") VALUES (24, 89);
INSERT INTO "HeroExclusives" ("HeroId", "ItemsId") VALUES (24, 90);
INSERT INTO "HeroExclusives" ("HeroId", "ItemsId") VALUES (24, 91);
INSERT INTO "HeroExclusives" ("HeroId", "ItemsId") VALUES (24, 92);
INSERT INTO "HeroExclusives" ("HeroId", "ItemsId") VALUES (24, 93);
INSERT INTO "HeroExclusives" ("HeroId", "ItemsId") VALUES (25, 1);
INSERT INTO "HeroExclusives" ("HeroId", "ItemsId") VALUES (25, 2);
INSERT INTO "HeroExclusives" ("HeroId", "ItemsId") VALUES (25, 3);
INSERT INTO "HeroExclusives" ("HeroId", "ItemsId") VALUES (25, 4);
INSERT INTO "HeroExclusives" ("HeroId", "ItemsId") VALUES (25, 5);
INSERT INTO "HeroExclusives" ("HeroId", "ItemsId") VALUES (25, 6);
INSERT INTO "HeroExclusives" ("HeroId", "ItemsId") VALUES (25, 7);
INSERT INTO "HeroExclusives" ("HeroId", "ItemsId") VALUES (25, 8);
INSERT INTO "HeroExclusives" ("HeroId", "ItemsId") VALUES (25, 9);
INSERT INTO "HeroExclusives" ("HeroId", "ItemsId") VALUES (25, 10);
INSERT INTO "HeroExclusives" ("HeroId", "ItemsId") VALUES (25, 11);
INSERT INTO "HeroExclusives" ("HeroId", "ItemsId") VALUES (25, 12);
INSERT INTO "HeroExclusives" ("HeroId", "ItemsId") VALUES (25, 13);
INSERT INTO "HeroExclusives" ("HeroId", "ItemsId") VALUES (25, 14);
INSERT INTO "HeroExclusives" ("HeroId", "ItemsId") VALUES (25, 15);
INSERT INTO "HeroExclusives" ("HeroId", "ItemsId") VALUES (25, 16);
INSERT INTO "HeroExclusives" ("HeroId", "ItemsId") VALUES (25, 17);
INSERT INTO "HeroExclusives" ("HeroId", "ItemsId") VALUES (25, 18);
INSERT INTO "HeroExclusives" ("HeroId", "ItemsId") VALUES (25, 19);
INSERT INTO "HeroExclusives" ("HeroId", "ItemsId") VALUES (25, 20);
INSERT INTO "HeroExclusives" ("HeroId", "ItemsId") VALUES (25, 21);
INSERT INTO "HeroExclusives" ("HeroId", "ItemsId") VALUES (25, 22);
INSERT INTO "HeroExclusives" ("HeroId", "ItemsId") VALUES (25, 23);
INSERT INTO "HeroExclusives" ("HeroId", "ItemsId") VALUES (25, 24);
INSERT INTO "HeroExclusives" ("HeroId", "ItemsId") VALUES (25, 25);
INSERT INTO "HeroExclusives" ("HeroId", "ItemsId") VALUES (25, 26);
INSERT INTO "HeroExclusives" ("HeroId", "ItemsId") VALUES (25, 27);
INSERT INTO "HeroExclusives" ("HeroId", "ItemsId") VALUES (25, 28);
INSERT INTO "HeroExclusives" ("HeroId", "ItemsId") VALUES (25, 29);
INSERT INTO "HeroExclusives" ("HeroId", "ItemsId") VALUES (25, 30);
INSERT INTO "HeroExclusives" ("HeroId", "ItemsId") VALUES (25, 31);
INSERT INTO "HeroExclusives" ("HeroId", "ItemsId") VALUES (25, 32);
INSERT INTO "HeroExclusives" ("HeroId", "ItemsId") VALUES (25, 33);
INSERT INTO "HeroExclusives" ("HeroId", "ItemsId") VALUES (25, 34);
INSERT INTO "HeroExclusives" ("HeroId", "ItemsId") VALUES (25, 35);
INSERT INTO "HeroExclusives" ("HeroId", "ItemsId") VALUES (25, 36);
INSERT INTO "HeroExclusives" ("HeroId", "ItemsId") VALUES (25, 37);
INSERT INTO "HeroExclusives" ("HeroId", "ItemsId") VALUES (25, 38);
INSERT INTO "HeroExclusives" ("HeroId", "ItemsId") VALUES (25, 39);
INSERT INTO "HeroExclusives" ("HeroId", "ItemsId") VALUES (25, 40);
INSERT INTO "HeroExclusives" ("HeroId", "ItemsId") VALUES (25, 41);
INSERT INTO "HeroExclusives" ("HeroId", "ItemsId") VALUES (25, 42);
INSERT INTO "HeroExclusives" ("HeroId", "ItemsId") VALUES (25, 43);
INSERT INTO "HeroExclusives" ("HeroId", "ItemsId") VALUES (25, 44);
INSERT INTO "HeroExclusives" ("HeroId", "ItemsId") VALUES (25, 45);
INSERT INTO "HeroExclusives" ("HeroId", "ItemsId") VALUES (25, 46);
INSERT INTO "HeroExclusives" ("HeroId", "ItemsId") VALUES (25, 47);
INSERT INTO "HeroExclusives" ("HeroId", "ItemsId") VALUES (25, 48);
INSERT INTO "HeroExclusives" ("HeroId", "ItemsId") VALUES (25, 49);
INSERT INTO "HeroExclusives" ("HeroId", "ItemsId") VALUES (25, 50);
INSERT INTO "HeroExclusives" ("HeroId", "ItemsId") VALUES (25, 51);
INSERT INTO "HeroExclusives" ("HeroId", "ItemsId") VALUES (25, 52);
INSERT INTO "HeroExclusives" ("HeroId", "ItemsId") VALUES (25, 53);
INSERT INTO "HeroExclusives" ("HeroId", "ItemsId") VALUES (25, 54);
INSERT INTO "HeroExclusives" ("HeroId", "ItemsId") VALUES (25, 55);
INSERT INTO "HeroExclusives" ("HeroId", "ItemsId") VALUES (25, 56);
INSERT INTO "HeroExclusives" ("HeroId", "ItemsId") VALUES (25, 57);
INSERT INTO "HeroExclusives" ("HeroId", "ItemsId") VALUES (25, 58);
INSERT INTO "HeroExclusives" ("HeroId", "ItemsId") VALUES (25, 59);
INSERT INTO "HeroExclusives" ("HeroId", "ItemsId") VALUES (25, 60);
INSERT INTO "HeroExclusives" ("HeroId", "ItemsId") VALUES (25, 61);
INSERT INTO "HeroExclusives" ("HeroId", "ItemsId") VALUES (25, 62);
INSERT INTO "HeroExclusives" ("HeroId", "ItemsId") VALUES (25, 63);
INSERT INTO "HeroExclusives" ("HeroId", "ItemsId") VALUES (25, 64);
INSERT INTO "HeroExclusives" ("HeroId", "ItemsId") VALUES (25, 65);
INSERT INTO "HeroExclusives" ("HeroId", "ItemsId") VALUES (25, 66);
INSERT INTO "HeroExclusives" ("HeroId", "ItemsId") VALUES (25, 67);
INSERT INTO "HeroExclusives" ("HeroId", "ItemsId") VALUES (25, 68);
INSERT INTO "HeroExclusives" ("HeroId", "ItemsId") VALUES (25, 69);
INSERT INTO "HeroExclusives" ("HeroId", "ItemsId") VALUES (25, 70);
INSERT INTO "HeroExclusives" ("HeroId", "ItemsId") VALUES (25, 71);
INSERT INTO "HeroExclusives" ("HeroId", "ItemsId") VALUES (25, 72);
INSERT INTO "HeroExclusives" ("HeroId", "ItemsId") VALUES (25, 73);
INSERT INTO "HeroExclusives" ("HeroId", "ItemsId") VALUES (25, 74);
INSERT INTO "HeroExclusives" ("HeroId", "ItemsId") VALUES (25, 75);
INSERT INTO "HeroExclusives" ("HeroId", "ItemsId") VALUES (25, 76);
INSERT INTO "HeroExclusives" ("HeroId", "ItemsId") VALUES (25, 77);
INSERT INTO "HeroExclusives" ("HeroId", "ItemsId") VALUES (25, 78);
INSERT INTO "HeroExclusives" ("HeroId", "ItemsId") VALUES (25, 79);
INSERT INTO "HeroExclusives" ("HeroId", "ItemsId") VALUES (25, 80);
INSERT INTO "HeroExclusives" ("HeroId", "ItemsId") VALUES (25, 81);
INSERT INTO "HeroExclusives" ("HeroId", "ItemsId") VALUES (25, 82);
INSERT INTO "HeroExclusives" ("HeroId", "ItemsId") VALUES (25, 83);
INSERT INTO "HeroExclusives" ("HeroId", "ItemsId") VALUES (25, 84);
INSERT INTO "HeroExclusives" ("HeroId", "ItemsId") VALUES (25, 85);
INSERT INTO "HeroExclusives" ("HeroId", "ItemsId") VALUES (25, 86);
INSERT INTO "HeroExclusives" ("HeroId", "ItemsId") VALUES (25, 87);
INSERT INTO "HeroExclusives" ("HeroId", "ItemsId") VALUES (25, 88);
INSERT INTO "HeroExclusives" ("HeroId", "ItemsId") VALUES (25, 89);
INSERT INTO "HeroExclusives" ("HeroId", "ItemsId") VALUES (25, 90);
INSERT INTO "HeroExclusives" ("HeroId", "ItemsId") VALUES (25, 91);
INSERT INTO "HeroExclusives" ("HeroId", "ItemsId") VALUES (25, 92);
INSERT INTO "HeroExclusives" ("HeroId", "ItemsId") VALUES (25, 93);
INSERT INTO "HeroExclusives" ("HeroId", "ItemsId") VALUES (26, 1);
INSERT INTO "HeroExclusives" ("HeroId", "ItemsId") VALUES (26, 2);
INSERT INTO "HeroExclusives" ("HeroId", "ItemsId") VALUES (26, 3);
INSERT INTO "HeroExclusives" ("HeroId", "ItemsId") VALUES (26, 4);
INSERT INTO "HeroExclusives" ("HeroId", "ItemsId") VALUES (26, 5);
INSERT INTO "HeroExclusives" ("HeroId", "ItemsId") VALUES (26, 6);
INSERT INTO "HeroExclusives" ("HeroId", "ItemsId") VALUES (26, 7);
INSERT INTO "HeroExclusives" ("HeroId", "ItemsId") VALUES (26, 8);
INSERT INTO "HeroExclusives" ("HeroId", "ItemsId") VALUES (26, 9);
INSERT INTO "HeroExclusives" ("HeroId", "ItemsId") VALUES (26, 10);
INSERT INTO "HeroExclusives" ("HeroId", "ItemsId") VALUES (26, 11);
INSERT INTO "HeroExclusives" ("HeroId", "ItemsId") VALUES (26, 12);
INSERT INTO "HeroExclusives" ("HeroId", "ItemsId") VALUES (26, 13);
INSERT INTO "HeroExclusives" ("HeroId", "ItemsId") VALUES (26, 14);
INSERT INTO "HeroExclusives" ("HeroId", "ItemsId") VALUES (26, 15);
INSERT INTO "HeroExclusives" ("HeroId", "ItemsId") VALUES (26, 16);
INSERT INTO "HeroExclusives" ("HeroId", "ItemsId") VALUES (26, 17);
INSERT INTO "HeroExclusives" ("HeroId", "ItemsId") VALUES (26, 18);
INSERT INTO "HeroExclusives" ("HeroId", "ItemsId") VALUES (26, 19);
INSERT INTO "HeroExclusives" ("HeroId", "ItemsId") VALUES (26, 20);
INSERT INTO "HeroExclusives" ("HeroId", "ItemsId") VALUES (26, 21);
INSERT INTO "HeroExclusives" ("HeroId", "ItemsId") VALUES (26, 22);
INSERT INTO "HeroExclusives" ("HeroId", "ItemsId") VALUES (26, 23);
INSERT INTO "HeroExclusives" ("HeroId", "ItemsId") VALUES (26, 24);
INSERT INTO "HeroExclusives" ("HeroId", "ItemsId") VALUES (26, 25);
INSERT INTO "HeroExclusives" ("HeroId", "ItemsId") VALUES (26, 26);
INSERT INTO "HeroExclusives" ("HeroId", "ItemsId") VALUES (26, 27);
INSERT INTO "HeroExclusives" ("HeroId", "ItemsId") VALUES (26, 28);
INSERT INTO "HeroExclusives" ("HeroId", "ItemsId") VALUES (26, 29);
INSERT INTO "HeroExclusives" ("HeroId", "ItemsId") VALUES (26, 30);
INSERT INTO "HeroExclusives" ("HeroId", "ItemsId") VALUES (26, 31);
INSERT INTO "HeroExclusives" ("HeroId", "ItemsId") VALUES (26, 32);
INSERT INTO "HeroExclusives" ("HeroId", "ItemsId") VALUES (26, 33);
INSERT INTO "HeroExclusives" ("HeroId", "ItemsId") VALUES (26, 34);
INSERT INTO "HeroExclusives" ("HeroId", "ItemsId") VALUES (26, 35);
INSERT INTO "HeroExclusives" ("HeroId", "ItemsId") VALUES (26, 36);
INSERT INTO "HeroExclusives" ("HeroId", "ItemsId") VALUES (26, 37);
INSERT INTO "HeroExclusives" ("HeroId", "ItemsId") VALUES (26, 38);
INSERT INTO "HeroExclusives" ("HeroId", "ItemsId") VALUES (26, 39);
INSERT INTO "HeroExclusives" ("HeroId", "ItemsId") VALUES (26, 40);
INSERT INTO "HeroExclusives" ("HeroId", "ItemsId") VALUES (26, 41);
INSERT INTO "HeroExclusives" ("HeroId", "ItemsId") VALUES (26, 42);
INSERT INTO "HeroExclusives" ("HeroId", "ItemsId") VALUES (26, 43);
INSERT INTO "HeroExclusives" ("HeroId", "ItemsId") VALUES (26, 44);
INSERT INTO "HeroExclusives" ("HeroId", "ItemsId") VALUES (26, 45);
INSERT INTO "HeroExclusives" ("HeroId", "ItemsId") VALUES (26, 46);
INSERT INTO "HeroExclusives" ("HeroId", "ItemsId") VALUES (26, 47);
INSERT INTO "HeroExclusives" ("HeroId", "ItemsId") VALUES (26, 48);
INSERT INTO "HeroExclusives" ("HeroId", "ItemsId") VALUES (26, 49);
INSERT INTO "HeroExclusives" ("HeroId", "ItemsId") VALUES (26, 50);
INSERT INTO "HeroExclusives" ("HeroId", "ItemsId") VALUES (26, 51);
INSERT INTO "HeroExclusives" ("HeroId", "ItemsId") VALUES (26, 52);
INSERT INTO "HeroExclusives" ("HeroId", "ItemsId") VALUES (26, 53);
INSERT INTO "HeroExclusives" ("HeroId", "ItemsId") VALUES (26, 54);
INSERT INTO "HeroExclusives" ("HeroId", "ItemsId") VALUES (26, 55);
INSERT INTO "HeroExclusives" ("HeroId", "ItemsId") VALUES (26, 56);
INSERT INTO "HeroExclusives" ("HeroId", "ItemsId") VALUES (26, 57);
INSERT INTO "HeroExclusives" ("HeroId", "ItemsId") VALUES (26, 58);
INSERT INTO "HeroExclusives" ("HeroId", "ItemsId") VALUES (26, 59);
INSERT INTO "HeroExclusives" ("HeroId", "ItemsId") VALUES (26, 60);
INSERT INTO "HeroExclusives" ("HeroId", "ItemsId") VALUES (26, 61);
INSERT INTO "HeroExclusives" ("HeroId", "ItemsId") VALUES (26, 62);
INSERT INTO "HeroExclusives" ("HeroId", "ItemsId") VALUES (26, 63);
INSERT INTO "HeroExclusives" ("HeroId", "ItemsId") VALUES (26, 64);
INSERT INTO "HeroExclusives" ("HeroId", "ItemsId") VALUES (26, 65);
INSERT INTO "HeroExclusives" ("HeroId", "ItemsId") VALUES (26, 66);
INSERT INTO "HeroExclusives" ("HeroId", "ItemsId") VALUES (26, 67);
INSERT INTO "HeroExclusives" ("HeroId", "ItemsId") VALUES (26, 68);
INSERT INTO "HeroExclusives" ("HeroId", "ItemsId") VALUES (26, 69);
INSERT INTO "HeroExclusives" ("HeroId", "ItemsId") VALUES (26, 70);
INSERT INTO "HeroExclusives" ("HeroId", "ItemsId") VALUES (26, 71);
INSERT INTO "HeroExclusives" ("HeroId", "ItemsId") VALUES (26, 72);
INSERT INTO "HeroExclusives" ("HeroId", "ItemsId") VALUES (26, 73);
INSERT INTO "HeroExclusives" ("HeroId", "ItemsId") VALUES (26, 74);
INSERT INTO "HeroExclusives" ("HeroId", "ItemsId") VALUES (26, 75);
INSERT INTO "HeroExclusives" ("HeroId", "ItemsId") VALUES (26, 76);
INSERT INTO "HeroExclusives" ("HeroId", "ItemsId") VALUES (26, 77);
INSERT INTO "HeroExclusives" ("HeroId", "ItemsId") VALUES (26, 78);
INSERT INTO "HeroExclusives" ("HeroId", "ItemsId") VALUES (26, 79);
INSERT INTO "HeroExclusives" ("HeroId", "ItemsId") VALUES (26, 80);
INSERT INTO "HeroExclusives" ("HeroId", "ItemsId") VALUES (26, 81);
INSERT INTO "HeroExclusives" ("HeroId", "ItemsId") VALUES (26, 82);
INSERT INTO "HeroExclusives" ("HeroId", "ItemsId") VALUES (26, 83);
INSERT INTO "HeroExclusives" ("HeroId", "ItemsId") VALUES (26, 84);
INSERT INTO "HeroExclusives" ("HeroId", "ItemsId") VALUES (26, 85);
INSERT INTO "HeroExclusives" ("HeroId", "ItemsId") VALUES (26, 86);
INSERT INTO "HeroExclusives" ("HeroId", "ItemsId") VALUES (26, 87);
INSERT INTO "HeroExclusives" ("HeroId", "ItemsId") VALUES (26, 88);
INSERT INTO "HeroExclusives" ("HeroId", "ItemsId") VALUES (26, 89);
INSERT INTO "HeroExclusives" ("HeroId", "ItemsId") VALUES (26, 90);
INSERT INTO "HeroExclusives" ("HeroId", "ItemsId") VALUES (26, 91);
INSERT INTO "HeroExclusives" ("HeroId", "ItemsId") VALUES (26, 92);
INSERT INTO "HeroExclusives" ("HeroId", "ItemsId") VALUES (26, 93);
INSERT INTO "HeroExclusives" ("HeroId", "ItemsId") VALUES (27, 1);
INSERT INTO "HeroExclusives" ("HeroId", "ItemsId") VALUES (27, 2);
INSERT INTO "HeroExclusives" ("HeroId", "ItemsId") VALUES (27, 3);
INSERT INTO "HeroExclusives" ("HeroId", "ItemsId") VALUES (27, 4);
INSERT INTO "HeroExclusives" ("HeroId", "ItemsId") VALUES (27, 5);
INSERT INTO "HeroExclusives" ("HeroId", "ItemsId") VALUES (27, 6);
INSERT INTO "HeroExclusives" ("HeroId", "ItemsId") VALUES (27, 7);
INSERT INTO "HeroExclusives" ("HeroId", "ItemsId") VALUES (27, 8);
INSERT INTO "HeroExclusives" ("HeroId", "ItemsId") VALUES (27, 9);
INSERT INTO "HeroExclusives" ("HeroId", "ItemsId") VALUES (27, 10);
INSERT INTO "HeroExclusives" ("HeroId", "ItemsId") VALUES (27, 11);
INSERT INTO "HeroExclusives" ("HeroId", "ItemsId") VALUES (27, 12);
INSERT INTO "HeroExclusives" ("HeroId", "ItemsId") VALUES (27, 13);
INSERT INTO "HeroExclusives" ("HeroId", "ItemsId") VALUES (27, 14);
INSERT INTO "HeroExclusives" ("HeroId", "ItemsId") VALUES (27, 15);
INSERT INTO "HeroExclusives" ("HeroId", "ItemsId") VALUES (27, 16);
INSERT INTO "HeroExclusives" ("HeroId", "ItemsId") VALUES (27, 17);
INSERT INTO "HeroExclusives" ("HeroId", "ItemsId") VALUES (27, 18);
INSERT INTO "HeroExclusives" ("HeroId", "ItemsId") VALUES (27, 19);
INSERT INTO "HeroExclusives" ("HeroId", "ItemsId") VALUES (27, 20);
INSERT INTO "HeroExclusives" ("HeroId", "ItemsId") VALUES (27, 21);
INSERT INTO "HeroExclusives" ("HeroId", "ItemsId") VALUES (27, 22);
INSERT INTO "HeroExclusives" ("HeroId", "ItemsId") VALUES (27, 23);
INSERT INTO "HeroExclusives" ("HeroId", "ItemsId") VALUES (27, 24);
INSERT INTO "HeroExclusives" ("HeroId", "ItemsId") VALUES (27, 25);
INSERT INTO "HeroExclusives" ("HeroId", "ItemsId") VALUES (27, 26);
INSERT INTO "HeroExclusives" ("HeroId", "ItemsId") VALUES (27, 27);
INSERT INTO "HeroExclusives" ("HeroId", "ItemsId") VALUES (27, 28);
INSERT INTO "HeroExclusives" ("HeroId", "ItemsId") VALUES (27, 29);
INSERT INTO "HeroExclusives" ("HeroId", "ItemsId") VALUES (27, 30);
INSERT INTO "HeroExclusives" ("HeroId", "ItemsId") VALUES (27, 31);
INSERT INTO "HeroExclusives" ("HeroId", "ItemsId") VALUES (27, 32);
INSERT INTO "HeroExclusives" ("HeroId", "ItemsId") VALUES (27, 33);
INSERT INTO "HeroExclusives" ("HeroId", "ItemsId") VALUES (27, 34);
INSERT INTO "HeroExclusives" ("HeroId", "ItemsId") VALUES (27, 35);
INSERT INTO "HeroExclusives" ("HeroId", "ItemsId") VALUES (27, 36);
INSERT INTO "HeroExclusives" ("HeroId", "ItemsId") VALUES (27, 37);
INSERT INTO "HeroExclusives" ("HeroId", "ItemsId") VALUES (27, 38);
INSERT INTO "HeroExclusives" ("HeroId", "ItemsId") VALUES (27, 39);
INSERT INTO "HeroExclusives" ("HeroId", "ItemsId") VALUES (27, 40);
INSERT INTO "HeroExclusives" ("HeroId", "ItemsId") VALUES (27, 41);
INSERT INTO "HeroExclusives" ("HeroId", "ItemsId") VALUES (27, 42);
INSERT INTO "HeroExclusives" ("HeroId", "ItemsId") VALUES (27, 43);
INSERT INTO "HeroExclusives" ("HeroId", "ItemsId") VALUES (27, 44);
INSERT INTO "HeroExclusives" ("HeroId", "ItemsId") VALUES (27, 45);
INSERT INTO "HeroExclusives" ("HeroId", "ItemsId") VALUES (27, 46);
INSERT INTO "HeroExclusives" ("HeroId", "ItemsId") VALUES (27, 47);
INSERT INTO "HeroExclusives" ("HeroId", "ItemsId") VALUES (27, 48);
INSERT INTO "HeroExclusives" ("HeroId", "ItemsId") VALUES (27, 49);
INSERT INTO "HeroExclusives" ("HeroId", "ItemsId") VALUES (27, 50);
INSERT INTO "HeroExclusives" ("HeroId", "ItemsId") VALUES (27, 51);
INSERT INTO "HeroExclusives" ("HeroId", "ItemsId") VALUES (27, 52);
INSERT INTO "HeroExclusives" ("HeroId", "ItemsId") VALUES (27, 53);
INSERT INTO "HeroExclusives" ("HeroId", "ItemsId") VALUES (27, 54);
INSERT INTO "HeroExclusives" ("HeroId", "ItemsId") VALUES (27, 55);
INSERT INTO "HeroExclusives" ("HeroId", "ItemsId") VALUES (27, 56);
INSERT INTO "HeroExclusives" ("HeroId", "ItemsId") VALUES (27, 57);
INSERT INTO "HeroExclusives" ("HeroId", "ItemsId") VALUES (27, 58);
INSERT INTO "HeroExclusives" ("HeroId", "ItemsId") VALUES (27, 59);
INSERT INTO "HeroExclusives" ("HeroId", "ItemsId") VALUES (27, 60);
INSERT INTO "HeroExclusives" ("HeroId", "ItemsId") VALUES (27, 61);
INSERT INTO "HeroExclusives" ("HeroId", "ItemsId") VALUES (27, 62);
INSERT INTO "HeroExclusives" ("HeroId", "ItemsId") VALUES (27, 63);
INSERT INTO "HeroExclusives" ("HeroId", "ItemsId") VALUES (27, 64);
INSERT INTO "HeroExclusives" ("HeroId", "ItemsId") VALUES (27, 65);
INSERT INTO "HeroExclusives" ("HeroId", "ItemsId") VALUES (27, 66);
INSERT INTO "HeroExclusives" ("HeroId", "ItemsId") VALUES (27, 67);
INSERT INTO "HeroExclusives" ("HeroId", "ItemsId") VALUES (27, 68);
INSERT INTO "HeroExclusives" ("HeroId", "ItemsId") VALUES (27, 69);
INSERT INTO "HeroExclusives" ("HeroId", "ItemsId") VALUES (27, 70);
INSERT INTO "HeroExclusives" ("HeroId", "ItemsId") VALUES (27, 71);
INSERT INTO "HeroExclusives" ("HeroId", "ItemsId") VALUES (27, 72);
INSERT INTO "HeroExclusives" ("HeroId", "ItemsId") VALUES (27, 73);
INSERT INTO "HeroExclusives" ("HeroId", "ItemsId") VALUES (27, 74);
INSERT INTO "HeroExclusives" ("HeroId", "ItemsId") VALUES (27, 75);
INSERT INTO "HeroExclusives" ("HeroId", "ItemsId") VALUES (27, 76);
INSERT INTO "HeroExclusives" ("HeroId", "ItemsId") VALUES (27, 77);
INSERT INTO "HeroExclusives" ("HeroId", "ItemsId") VALUES (27, 78);
INSERT INTO "HeroExclusives" ("HeroId", "ItemsId") VALUES (27, 79);
INSERT INTO "HeroExclusives" ("HeroId", "ItemsId") VALUES (27, 80);
INSERT INTO "HeroExclusives" ("HeroId", "ItemsId") VALUES (27, 81);
INSERT INTO "HeroExclusives" ("HeroId", "ItemsId") VALUES (27, 82);
INSERT INTO "HeroExclusives" ("HeroId", "ItemsId") VALUES (27, 83);
INSERT INTO "HeroExclusives" ("HeroId", "ItemsId") VALUES (27, 84);
INSERT INTO "HeroExclusives" ("HeroId", "ItemsId") VALUES (27, 85);
INSERT INTO "HeroExclusives" ("HeroId", "ItemsId") VALUES (27, 86);
INSERT INTO "HeroExclusives" ("HeroId", "ItemsId") VALUES (27, 87);
INSERT INTO "HeroExclusives" ("HeroId", "ItemsId") VALUES (27, 88);
INSERT INTO "HeroExclusives" ("HeroId", "ItemsId") VALUES (27, 89);
INSERT INTO "HeroExclusives" ("HeroId", "ItemsId") VALUES (27, 90);
INSERT INTO "HeroExclusives" ("HeroId", "ItemsId") VALUES (27, 91);
INSERT INTO "HeroExclusives" ("HeroId", "ItemsId") VALUES (27, 92);
INSERT INTO "HeroExclusives" ("HeroId", "ItemsId") VALUES (27, 93);
INSERT INTO "HeroExclusives" ("HeroId", "ItemsId") VALUES (28, 1);
INSERT INTO "HeroExclusives" ("HeroId", "ItemsId") VALUES (28, 2);
INSERT INTO "HeroExclusives" ("HeroId", "ItemsId") VALUES (28, 3);
INSERT INTO "HeroExclusives" ("HeroId", "ItemsId") VALUES (28, 4);
INSERT INTO "HeroExclusives" ("HeroId", "ItemsId") VALUES (28, 5);
INSERT INTO "HeroExclusives" ("HeroId", "ItemsId") VALUES (28, 6);
INSERT INTO "HeroExclusives" ("HeroId", "ItemsId") VALUES (28, 7);
INSERT INTO "HeroExclusives" ("HeroId", "ItemsId") VALUES (28, 8);
INSERT INTO "HeroExclusives" ("HeroId", "ItemsId") VALUES (28, 9);
INSERT INTO "HeroExclusives" ("HeroId", "ItemsId") VALUES (28, 10);
INSERT INTO "HeroExclusives" ("HeroId", "ItemsId") VALUES (28, 11);
INSERT INTO "HeroExclusives" ("HeroId", "ItemsId") VALUES (28, 12);
INSERT INTO "HeroExclusives" ("HeroId", "ItemsId") VALUES (28, 13);
INSERT INTO "HeroExclusives" ("HeroId", "ItemsId") VALUES (28, 14);
INSERT INTO "HeroExclusives" ("HeroId", "ItemsId") VALUES (28, 15);
INSERT INTO "HeroExclusives" ("HeroId", "ItemsId") VALUES (28, 16);
INSERT INTO "HeroExclusives" ("HeroId", "ItemsId") VALUES (28, 17);
INSERT INTO "HeroExclusives" ("HeroId", "ItemsId") VALUES (28, 18);
INSERT INTO "HeroExclusives" ("HeroId", "ItemsId") VALUES (28, 19);
INSERT INTO "HeroExclusives" ("HeroId", "ItemsId") VALUES (28, 20);
INSERT INTO "HeroExclusives" ("HeroId", "ItemsId") VALUES (28, 21);
INSERT INTO "HeroExclusives" ("HeroId", "ItemsId") VALUES (28, 22);
INSERT INTO "HeroExclusives" ("HeroId", "ItemsId") VALUES (28, 23);
INSERT INTO "HeroExclusives" ("HeroId", "ItemsId") VALUES (28, 24);
INSERT INTO "HeroExclusives" ("HeroId", "ItemsId") VALUES (28, 25);
INSERT INTO "HeroExclusives" ("HeroId", "ItemsId") VALUES (28, 26);
INSERT INTO "HeroExclusives" ("HeroId", "ItemsId") VALUES (28, 27);
INSERT INTO "HeroExclusives" ("HeroId", "ItemsId") VALUES (28, 28);
INSERT INTO "HeroExclusives" ("HeroId", "ItemsId") VALUES (28, 29);
INSERT INTO "HeroExclusives" ("HeroId", "ItemsId") VALUES (28, 30);
INSERT INTO "HeroExclusives" ("HeroId", "ItemsId") VALUES (28, 31);
INSERT INTO "HeroExclusives" ("HeroId", "ItemsId") VALUES (28, 32);
INSERT INTO "HeroExclusives" ("HeroId", "ItemsId") VALUES (28, 33);
INSERT INTO "HeroExclusives" ("HeroId", "ItemsId") VALUES (28, 34);
INSERT INTO "HeroExclusives" ("HeroId", "ItemsId") VALUES (28, 35);
INSERT INTO "HeroExclusives" ("HeroId", "ItemsId") VALUES (28, 36);
INSERT INTO "HeroExclusives" ("HeroId", "ItemsId") VALUES (28, 37);
INSERT INTO "HeroExclusives" ("HeroId", "ItemsId") VALUES (28, 38);
INSERT INTO "HeroExclusives" ("HeroId", "ItemsId") VALUES (28, 39);
INSERT INTO "HeroExclusives" ("HeroId", "ItemsId") VALUES (28, 40);
INSERT INTO "HeroExclusives" ("HeroId", "ItemsId") VALUES (28, 41);
INSERT INTO "HeroExclusives" ("HeroId", "ItemsId") VALUES (28, 42);
INSERT INTO "HeroExclusives" ("HeroId", "ItemsId") VALUES (28, 43);
INSERT INTO "HeroExclusives" ("HeroId", "ItemsId") VALUES (28, 44);
INSERT INTO "HeroExclusives" ("HeroId", "ItemsId") VALUES (28, 45);
INSERT INTO "HeroExclusives" ("HeroId", "ItemsId") VALUES (28, 46);
INSERT INTO "HeroExclusives" ("HeroId", "ItemsId") VALUES (28, 47);
INSERT INTO "HeroExclusives" ("HeroId", "ItemsId") VALUES (28, 48);
INSERT INTO "HeroExclusives" ("HeroId", "ItemsId") VALUES (28, 49);
INSERT INTO "HeroExclusives" ("HeroId", "ItemsId") VALUES (28, 50);
INSERT INTO "HeroExclusives" ("HeroId", "ItemsId") VALUES (28, 51);
INSERT INTO "HeroExclusives" ("HeroId", "ItemsId") VALUES (28, 52);
INSERT INTO "HeroExclusives" ("HeroId", "ItemsId") VALUES (28, 53);
INSERT INTO "HeroExclusives" ("HeroId", "ItemsId") VALUES (28, 54);
INSERT INTO "HeroExclusives" ("HeroId", "ItemsId") VALUES (28, 55);
INSERT INTO "HeroExclusives" ("HeroId", "ItemsId") VALUES (28, 56);
INSERT INTO "HeroExclusives" ("HeroId", "ItemsId") VALUES (28, 57);
INSERT INTO "HeroExclusives" ("HeroId", "ItemsId") VALUES (28, 58);
INSERT INTO "HeroExclusives" ("HeroId", "ItemsId") VALUES (28, 59);
INSERT INTO "HeroExclusives" ("HeroId", "ItemsId") VALUES (28, 60);
INSERT INTO "HeroExclusives" ("HeroId", "ItemsId") VALUES (28, 61);
INSERT INTO "HeroExclusives" ("HeroId", "ItemsId") VALUES (28, 62);
INSERT INTO "HeroExclusives" ("HeroId", "ItemsId") VALUES (28, 63);
INSERT INTO "HeroExclusives" ("HeroId", "ItemsId") VALUES (28, 64);
INSERT INTO "HeroExclusives" ("HeroId", "ItemsId") VALUES (28, 65);
INSERT INTO "HeroExclusives" ("HeroId", "ItemsId") VALUES (28, 66);
INSERT INTO "HeroExclusives" ("HeroId", "ItemsId") VALUES (28, 67);
INSERT INTO "HeroExclusives" ("HeroId", "ItemsId") VALUES (28, 68);
INSERT INTO "HeroExclusives" ("HeroId", "ItemsId") VALUES (28, 69);
INSERT INTO "HeroExclusives" ("HeroId", "ItemsId") VALUES (28, 70);
INSERT INTO "HeroExclusives" ("HeroId", "ItemsId") VALUES (28, 71);
INSERT INTO "HeroExclusives" ("HeroId", "ItemsId") VALUES (28, 72);
INSERT INTO "HeroExclusives" ("HeroId", "ItemsId") VALUES (28, 73);
INSERT INTO "HeroExclusives" ("HeroId", "ItemsId") VALUES (28, 74);
INSERT INTO "HeroExclusives" ("HeroId", "ItemsId") VALUES (28, 75);
INSERT INTO "HeroExclusives" ("HeroId", "ItemsId") VALUES (28, 76);
INSERT INTO "HeroExclusives" ("HeroId", "ItemsId") VALUES (28, 77);
INSERT INTO "HeroExclusives" ("HeroId", "ItemsId") VALUES (28, 78);
INSERT INTO "HeroExclusives" ("HeroId", "ItemsId") VALUES (28, 79);
INSERT INTO "HeroExclusives" ("HeroId", "ItemsId") VALUES (28, 80);
INSERT INTO "HeroExclusives" ("HeroId", "ItemsId") VALUES (28, 81);
INSERT INTO "HeroExclusives" ("HeroId", "ItemsId") VALUES (28, 82);
INSERT INTO "HeroExclusives" ("HeroId", "ItemsId") VALUES (28, 83);
INSERT INTO "HeroExclusives" ("HeroId", "ItemsId") VALUES (28, 84);
INSERT INTO "HeroExclusives" ("HeroId", "ItemsId") VALUES (28, 85);
INSERT INTO "HeroExclusives" ("HeroId", "ItemsId") VALUES (28, 86);
INSERT INTO "HeroExclusives" ("HeroId", "ItemsId") VALUES (28, 87);
INSERT INTO "HeroExclusives" ("HeroId", "ItemsId") VALUES (28, 88);
INSERT INTO "HeroExclusives" ("HeroId", "ItemsId") VALUES (28, 89);
INSERT INTO "HeroExclusives" ("HeroId", "ItemsId") VALUES (28, 90);
INSERT INTO "HeroExclusives" ("HeroId", "ItemsId") VALUES (28, 91);
INSERT INTO "HeroExclusives" ("HeroId", "ItemsId") VALUES (28, 92);
INSERT INTO "HeroExclusives" ("HeroId", "ItemsId") VALUES (28, 93);
INSERT INTO "HeroExclusives" ("HeroId", "ItemsId") VALUES (29, 1);
INSERT INTO "HeroExclusives" ("HeroId", "ItemsId") VALUES (29, 2);
INSERT INTO "HeroExclusives" ("HeroId", "ItemsId") VALUES (29, 3);
INSERT INTO "HeroExclusives" ("HeroId", "ItemsId") VALUES (29, 4);
INSERT INTO "HeroExclusives" ("HeroId", "ItemsId") VALUES (29, 5);
INSERT INTO "HeroExclusives" ("HeroId", "ItemsId") VALUES (29, 6);
INSERT INTO "HeroExclusives" ("HeroId", "ItemsId") VALUES (29, 7);
INSERT INTO "HeroExclusives" ("HeroId", "ItemsId") VALUES (29, 8);
INSERT INTO "HeroExclusives" ("HeroId", "ItemsId") VALUES (29, 9);
INSERT INTO "HeroExclusives" ("HeroId", "ItemsId") VALUES (29, 10);
INSERT INTO "HeroExclusives" ("HeroId", "ItemsId") VALUES (29, 11);
INSERT INTO "HeroExclusives" ("HeroId", "ItemsId") VALUES (29, 12);
INSERT INTO "HeroExclusives" ("HeroId", "ItemsId") VALUES (29, 13);
INSERT INTO "HeroExclusives" ("HeroId", "ItemsId") VALUES (29, 14);
INSERT INTO "HeroExclusives" ("HeroId", "ItemsId") VALUES (29, 15);
INSERT INTO "HeroExclusives" ("HeroId", "ItemsId") VALUES (29, 16);
INSERT INTO "HeroExclusives" ("HeroId", "ItemsId") VALUES (29, 17);
INSERT INTO "HeroExclusives" ("HeroId", "ItemsId") VALUES (29, 18);
INSERT INTO "HeroExclusives" ("HeroId", "ItemsId") VALUES (29, 19);
INSERT INTO "HeroExclusives" ("HeroId", "ItemsId") VALUES (29, 20);
INSERT INTO "HeroExclusives" ("HeroId", "ItemsId") VALUES (29, 21);
INSERT INTO "HeroExclusives" ("HeroId", "ItemsId") VALUES (29, 22);
INSERT INTO "HeroExclusives" ("HeroId", "ItemsId") VALUES (29, 23);
INSERT INTO "HeroExclusives" ("HeroId", "ItemsId") VALUES (29, 24);
INSERT INTO "HeroExclusives" ("HeroId", "ItemsId") VALUES (29, 25);
INSERT INTO "HeroExclusives" ("HeroId", "ItemsId") VALUES (29, 26);
INSERT INTO "HeroExclusives" ("HeroId", "ItemsId") VALUES (29, 27);
INSERT INTO "HeroExclusives" ("HeroId", "ItemsId") VALUES (29, 28);
INSERT INTO "HeroExclusives" ("HeroId", "ItemsId") VALUES (29, 29);
INSERT INTO "HeroExclusives" ("HeroId", "ItemsId") VALUES (29, 30);
INSERT INTO "HeroExclusives" ("HeroId", "ItemsId") VALUES (29, 31);
INSERT INTO "HeroExclusives" ("HeroId", "ItemsId") VALUES (29, 32);
INSERT INTO "HeroExclusives" ("HeroId", "ItemsId") VALUES (29, 33);
INSERT INTO "HeroExclusives" ("HeroId", "ItemsId") VALUES (29, 34);
INSERT INTO "HeroExclusives" ("HeroId", "ItemsId") VALUES (29, 35);
INSERT INTO "HeroExclusives" ("HeroId", "ItemsId") VALUES (29, 36);
INSERT INTO "HeroExclusives" ("HeroId", "ItemsId") VALUES (29, 37);
INSERT INTO "HeroExclusives" ("HeroId", "ItemsId") VALUES (29, 38);
INSERT INTO "HeroExclusives" ("HeroId", "ItemsId") VALUES (29, 39);
INSERT INTO "HeroExclusives" ("HeroId", "ItemsId") VALUES (29, 40);
INSERT INTO "HeroExclusives" ("HeroId", "ItemsId") VALUES (29, 41);
INSERT INTO "HeroExclusives" ("HeroId", "ItemsId") VALUES (29, 42);
INSERT INTO "HeroExclusives" ("HeroId", "ItemsId") VALUES (29, 43);
INSERT INTO "HeroExclusives" ("HeroId", "ItemsId") VALUES (29, 44);
INSERT INTO "HeroExclusives" ("HeroId", "ItemsId") VALUES (29, 45);
INSERT INTO "HeroExclusives" ("HeroId", "ItemsId") VALUES (29, 46);
INSERT INTO "HeroExclusives" ("HeroId", "ItemsId") VALUES (29, 47);
INSERT INTO "HeroExclusives" ("HeroId", "ItemsId") VALUES (29, 48);
INSERT INTO "HeroExclusives" ("HeroId", "ItemsId") VALUES (29, 49);
INSERT INTO "HeroExclusives" ("HeroId", "ItemsId") VALUES (29, 50);
INSERT INTO "HeroExclusives" ("HeroId", "ItemsId") VALUES (29, 51);
INSERT INTO "HeroExclusives" ("HeroId", "ItemsId") VALUES (29, 52);
INSERT INTO "HeroExclusives" ("HeroId", "ItemsId") VALUES (29, 53);
INSERT INTO "HeroExclusives" ("HeroId", "ItemsId") VALUES (29, 54);
INSERT INTO "HeroExclusives" ("HeroId", "ItemsId") VALUES (29, 55);
INSERT INTO "HeroExclusives" ("HeroId", "ItemsId") VALUES (29, 56);
INSERT INTO "HeroExclusives" ("HeroId", "ItemsId") VALUES (29, 57);
INSERT INTO "HeroExclusives" ("HeroId", "ItemsId") VALUES (29, 58);
INSERT INTO "HeroExclusives" ("HeroId", "ItemsId") VALUES (29, 59);
INSERT INTO "HeroExclusives" ("HeroId", "ItemsId") VALUES (29, 60);
INSERT INTO "HeroExclusives" ("HeroId", "ItemsId") VALUES (29, 61);
INSERT INTO "HeroExclusives" ("HeroId", "ItemsId") VALUES (29, 62);
INSERT INTO "HeroExclusives" ("HeroId", "ItemsId") VALUES (29, 63);
INSERT INTO "HeroExclusives" ("HeroId", "ItemsId") VALUES (29, 64);
INSERT INTO "HeroExclusives" ("HeroId", "ItemsId") VALUES (29, 65);
INSERT INTO "HeroExclusives" ("HeroId", "ItemsId") VALUES (29, 66);
INSERT INTO "HeroExclusives" ("HeroId", "ItemsId") VALUES (29, 67);
INSERT INTO "HeroExclusives" ("HeroId", "ItemsId") VALUES (29, 68);
INSERT INTO "HeroExclusives" ("HeroId", "ItemsId") VALUES (29, 69);
INSERT INTO "HeroExclusives" ("HeroId", "ItemsId") VALUES (29, 70);
INSERT INTO "HeroExclusives" ("HeroId", "ItemsId") VALUES (29, 71);
INSERT INTO "HeroExclusives" ("HeroId", "ItemsId") VALUES (29, 72);
INSERT INTO "HeroExclusives" ("HeroId", "ItemsId") VALUES (29, 73);
INSERT INTO "HeroExclusives" ("HeroId", "ItemsId") VALUES (29, 74);
INSERT INTO "HeroExclusives" ("HeroId", "ItemsId") VALUES (29, 75);
INSERT INTO "HeroExclusives" ("HeroId", "ItemsId") VALUES (29, 76);
INSERT INTO "HeroExclusives" ("HeroId", "ItemsId") VALUES (29, 77);
INSERT INTO "HeroExclusives" ("HeroId", "ItemsId") VALUES (29, 78);
INSERT INTO "HeroExclusives" ("HeroId", "ItemsId") VALUES (29, 79);
INSERT INTO "HeroExclusives" ("HeroId", "ItemsId") VALUES (29, 80);
INSERT INTO "HeroExclusives" ("HeroId", "ItemsId") VALUES (29, 81);
INSERT INTO "HeroExclusives" ("HeroId", "ItemsId") VALUES (29, 82);
INSERT INTO "HeroExclusives" ("HeroId", "ItemsId") VALUES (29, 83);
INSERT INTO "HeroExclusives" ("HeroId", "ItemsId") VALUES (29, 84);
INSERT INTO "HeroExclusives" ("HeroId", "ItemsId") VALUES (29, 85);
INSERT INTO "HeroExclusives" ("HeroId", "ItemsId") VALUES (29, 86);
INSERT INTO "HeroExclusives" ("HeroId", "ItemsId") VALUES (29, 87);
INSERT INTO "HeroExclusives" ("HeroId", "ItemsId") VALUES (29, 88);
INSERT INTO "HeroExclusives" ("HeroId", "ItemsId") VALUES (29, 89);
INSERT INTO "HeroExclusives" ("HeroId", "ItemsId") VALUES (29, 90);
INSERT INTO "HeroExclusives" ("HeroId", "ItemsId") VALUES (29, 91);
INSERT INTO "HeroExclusives" ("HeroId", "ItemsId") VALUES (29, 92);
INSERT INTO "HeroExclusives" ("HeroId", "ItemsId") VALUES (29, 93);
INSERT INTO "HeroExclusives" ("HeroId", "ItemsId") VALUES (30, 1);
INSERT INTO "HeroExclusives" ("HeroId", "ItemsId") VALUES (30, 2);
INSERT INTO "HeroExclusives" ("HeroId", "ItemsId") VALUES (30, 3);
INSERT INTO "HeroExclusives" ("HeroId", "ItemsId") VALUES (30, 4);
INSERT INTO "HeroExclusives" ("HeroId", "ItemsId") VALUES (30, 5);
INSERT INTO "HeroExclusives" ("HeroId", "ItemsId") VALUES (30, 6);
INSERT INTO "HeroExclusives" ("HeroId", "ItemsId") VALUES (30, 7);
INSERT INTO "HeroExclusives" ("HeroId", "ItemsId") VALUES (30, 8);
INSERT INTO "HeroExclusives" ("HeroId", "ItemsId") VALUES (30, 9);
INSERT INTO "HeroExclusives" ("HeroId", "ItemsId") VALUES (30, 10);
INSERT INTO "HeroExclusives" ("HeroId", "ItemsId") VALUES (30, 11);
INSERT INTO "HeroExclusives" ("HeroId", "ItemsId") VALUES (30, 12);
INSERT INTO "HeroExclusives" ("HeroId", "ItemsId") VALUES (30, 13);
INSERT INTO "HeroExclusives" ("HeroId", "ItemsId") VALUES (30, 14);
INSERT INTO "HeroExclusives" ("HeroId", "ItemsId") VALUES (30, 15);
INSERT INTO "HeroExclusives" ("HeroId", "ItemsId") VALUES (30, 16);
INSERT INTO "HeroExclusives" ("HeroId", "ItemsId") VALUES (30, 17);
INSERT INTO "HeroExclusives" ("HeroId", "ItemsId") VALUES (30, 18);
INSERT INTO "HeroExclusives" ("HeroId", "ItemsId") VALUES (30, 19);
INSERT INTO "HeroExclusives" ("HeroId", "ItemsId") VALUES (30, 20);
INSERT INTO "HeroExclusives" ("HeroId", "ItemsId") VALUES (30, 21);
INSERT INTO "HeroExclusives" ("HeroId", "ItemsId") VALUES (30, 22);
INSERT INTO "HeroExclusives" ("HeroId", "ItemsId") VALUES (30, 23);
INSERT INTO "HeroExclusives" ("HeroId", "ItemsId") VALUES (30, 24);
INSERT INTO "HeroExclusives" ("HeroId", "ItemsId") VALUES (30, 25);
INSERT INTO "HeroExclusives" ("HeroId", "ItemsId") VALUES (30, 26);
INSERT INTO "HeroExclusives" ("HeroId", "ItemsId") VALUES (30, 27);
INSERT INTO "HeroExclusives" ("HeroId", "ItemsId") VALUES (30, 28);
INSERT INTO "HeroExclusives" ("HeroId", "ItemsId") VALUES (30, 29);
INSERT INTO "HeroExclusives" ("HeroId", "ItemsId") VALUES (30, 30);
INSERT INTO "HeroExclusives" ("HeroId", "ItemsId") VALUES (30, 31);
INSERT INTO "HeroExclusives" ("HeroId", "ItemsId") VALUES (30, 32);
INSERT INTO "HeroExclusives" ("HeroId", "ItemsId") VALUES (30, 33);
INSERT INTO "HeroExclusives" ("HeroId", "ItemsId") VALUES (30, 34);
INSERT INTO "HeroExclusives" ("HeroId", "ItemsId") VALUES (30, 35);
INSERT INTO "HeroExclusives" ("HeroId", "ItemsId") VALUES (30, 36);
INSERT INTO "HeroExclusives" ("HeroId", "ItemsId") VALUES (30, 37);
INSERT INTO "HeroExclusives" ("HeroId", "ItemsId") VALUES (30, 38);
INSERT INTO "HeroExclusives" ("HeroId", "ItemsId") VALUES (30, 39);
INSERT INTO "HeroExclusives" ("HeroId", "ItemsId") VALUES (30, 40);
INSERT INTO "HeroExclusives" ("HeroId", "ItemsId") VALUES (30, 41);
INSERT INTO "HeroExclusives" ("HeroId", "ItemsId") VALUES (30, 42);
INSERT INTO "HeroExclusives" ("HeroId", "ItemsId") VALUES (30, 43);
INSERT INTO "HeroExclusives" ("HeroId", "ItemsId") VALUES (30, 44);
INSERT INTO "HeroExclusives" ("HeroId", "ItemsId") VALUES (30, 45);
INSERT INTO "HeroExclusives" ("HeroId", "ItemsId") VALUES (30, 46);
INSERT INTO "HeroExclusives" ("HeroId", "ItemsId") VALUES (30, 47);
INSERT INTO "HeroExclusives" ("HeroId", "ItemsId") VALUES (30, 48);
INSERT INTO "HeroExclusives" ("HeroId", "ItemsId") VALUES (30, 49);
INSERT INTO "HeroExclusives" ("HeroId", "ItemsId") VALUES (30, 50);
INSERT INTO "HeroExclusives" ("HeroId", "ItemsId") VALUES (30, 51);
INSERT INTO "HeroExclusives" ("HeroId", "ItemsId") VALUES (30, 52);
INSERT INTO "HeroExclusives" ("HeroId", "ItemsId") VALUES (30, 53);
INSERT INTO "HeroExclusives" ("HeroId", "ItemsId") VALUES (30, 54);
INSERT INTO "HeroExclusives" ("HeroId", "ItemsId") VALUES (30, 55);
INSERT INTO "HeroExclusives" ("HeroId", "ItemsId") VALUES (30, 56);
INSERT INTO "HeroExclusives" ("HeroId", "ItemsId") VALUES (30, 57);
INSERT INTO "HeroExclusives" ("HeroId", "ItemsId") VALUES (30, 58);
INSERT INTO "HeroExclusives" ("HeroId", "ItemsId") VALUES (30, 59);
INSERT INTO "HeroExclusives" ("HeroId", "ItemsId") VALUES (30, 60);
INSERT INTO "HeroExclusives" ("HeroId", "ItemsId") VALUES (30, 61);
INSERT INTO "HeroExclusives" ("HeroId", "ItemsId") VALUES (30, 62);
INSERT INTO "HeroExclusives" ("HeroId", "ItemsId") VALUES (30, 63);
INSERT INTO "HeroExclusives" ("HeroId", "ItemsId") VALUES (30, 64);
INSERT INTO "HeroExclusives" ("HeroId", "ItemsId") VALUES (30, 65);
INSERT INTO "HeroExclusives" ("HeroId", "ItemsId") VALUES (30, 66);
INSERT INTO "HeroExclusives" ("HeroId", "ItemsId") VALUES (30, 67);
INSERT INTO "HeroExclusives" ("HeroId", "ItemsId") VALUES (30, 68);
INSERT INTO "HeroExclusives" ("HeroId", "ItemsId") VALUES (30, 69);
INSERT INTO "HeroExclusives" ("HeroId", "ItemsId") VALUES (30, 70);
INSERT INTO "HeroExclusives" ("HeroId", "ItemsId") VALUES (30, 71);
INSERT INTO "HeroExclusives" ("HeroId", "ItemsId") VALUES (30, 72);
INSERT INTO "HeroExclusives" ("HeroId", "ItemsId") VALUES (30, 73);
INSERT INTO "HeroExclusives" ("HeroId", "ItemsId") VALUES (30, 74);
INSERT INTO "HeroExclusives" ("HeroId", "ItemsId") VALUES (30, 75);
INSERT INTO "HeroExclusives" ("HeroId", "ItemsId") VALUES (30, 76);
INSERT INTO "HeroExclusives" ("HeroId", "ItemsId") VALUES (30, 77);
INSERT INTO "HeroExclusives" ("HeroId", "ItemsId") VALUES (30, 78);
INSERT INTO "HeroExclusives" ("HeroId", "ItemsId") VALUES (30, 79);
INSERT INTO "HeroExclusives" ("HeroId", "ItemsId") VALUES (30, 80);
INSERT INTO "HeroExclusives" ("HeroId", "ItemsId") VALUES (30, 81);
INSERT INTO "HeroExclusives" ("HeroId", "ItemsId") VALUES (30, 82);
INSERT INTO "HeroExclusives" ("HeroId", "ItemsId") VALUES (30, 83);
INSERT INTO "HeroExclusives" ("HeroId", "ItemsId") VALUES (30, 84);
INSERT INTO "HeroExclusives" ("HeroId", "ItemsId") VALUES (30, 85);
INSERT INTO "HeroExclusives" ("HeroId", "ItemsId") VALUES (30, 86);
INSERT INTO "HeroExclusives" ("HeroId", "ItemsId") VALUES (30, 87);
INSERT INTO "HeroExclusives" ("HeroId", "ItemsId") VALUES (30, 88);
INSERT INTO "HeroExclusives" ("HeroId", "ItemsId") VALUES (30, 89);
INSERT INTO "HeroExclusives" ("HeroId", "ItemsId") VALUES (30, 90);
INSERT INTO "HeroExclusives" ("HeroId", "ItemsId") VALUES (30, 91);
INSERT INTO "HeroExclusives" ("HeroId", "ItemsId") VALUES (30, 92);
INSERT INTO "HeroExclusives" ("HeroId", "ItemsId") VALUES (30, 93);

-- Table: Buffs
INSERT INTO "Buffs" ("Id", "Name") VALUES (1, 'Weapon Power');
INSERT INTO "Buffs" ("Id", "Name") VALUES (2, 'Weapon Lifesteal');
INSERT INTO "Buffs" ("Id", "Name") VALUES (3, 'Attack Speed');
INSERT INTO "Buffs" ("Id", "Name") VALUES (4, 'Max Ammo');
INSERT INTO "Buffs" ("Id", "Name") VALUES (5, 'Health');
INSERT INTO "Buffs" ("Id", "Name") VALUES (6, 'Move Speed');
INSERT INTO "Buffs" ("Id", "Name") VALUES (7, 'Shields');
INSERT INTO "Buffs" ("Id", "Name") VALUES (8, 'Cooldown Reduction');
INSERT INTO "Buffs" ("Id", "Name") VALUES (9, 'Increased Damage to Barriers and Deployables');
INSERT INTO "Buffs" ("Id", "Name") VALUES (10, 'Armor');
INSERT INTO "Buffs" ("Id", "Name") VALUES (11, 'Critical Damage');
INSERT INTO "Buffs" ("Id", "Name") VALUES (12, 'Ability Power');
INSERT INTO "Buffs" ("Id", "Name") VALUES (13, 'Ability Lifesteal');
INSERT INTO "Buffs" ("Id", "Name") VALUES (14, 'Starting Ultimate Charge');
INSERT INTO "Buffs" ("Id", "Name") VALUES (15, 'Negative Effect Duration');
INSERT INTO "Buffs" ("Id", "Name") VALUES (16, 'Health, Armor, Shields');
INSERT INTO "Buffs" ("Id", "Name") VALUES (17, 'Melee Damage');
INSERT INTO "Buffs" ("Id", "Name") VALUES (18, 'Incoming Negative Effect Duration');
INSERT INTO "Buffs" ("Id", "Name") VALUES (19, 'Knockback Resist');
INSERT INTO "Buffs" ("Id", "Name") VALUES (20, 'Slow Resist');

-- Table: ItemBuffs
INSERT INTO "ItemBuffs" ("Id", "ItemId", "BuffId", "Value") VALUES (145, 1, 1, '5.0');
INSERT INTO "ItemBuffs" ("Id", "ItemId", "BuffId", "Value") VALUES (146, 2, 2, '10.0');
INSERT INTO "ItemBuffs" ("Id", "ItemId", "BuffId", "Value") VALUES (147, 3, 3, '5.0');
INSERT INTO "ItemBuffs" ("Id", "ItemId", "BuffId", "Value") VALUES (148, 4, 4, '20.0');
INSERT INTO "ItemBuffs" ("Id", "ItemId", "BuffId", "Value") VALUES (149, 6, 5, '25.0');
INSERT INTO "ItemBuffs" ("Id", "ItemId", "BuffId", "Value") VALUES (150, 7, 3, '10.0');
INSERT INTO "ItemBuffs" ("Id", "ItemId", "BuffId", "Value") VALUES (151, 7, 6, '5.0');
INSERT INTO "ItemBuffs" ("Id", "ItemId", "BuffId", "Value") VALUES (152, 8, 1, '5.0');
INSERT INTO "ItemBuffs" ("Id", "ItemId", "BuffId", "Value") VALUES (153, 9, 1, '5.0');
INSERT INTO "ItemBuffs" ("Id", "ItemId", "BuffId", "Value") VALUES (154, 10, 5, '10.0');
INSERT INTO "ItemBuffs" ("Id", "ItemId", "BuffId", "Value") VALUES (155, 10, 3, '5.0');
INSERT INTO "ItemBuffs" ("Id", "ItemId", "BuffId", "Value") VALUES (156, 10, 4, '25.0');
INSERT INTO "ItemBuffs" ("Id", "ItemId", "BuffId", "Value") VALUES (157, 11, 7, '25.0');
INSERT INTO "ItemBuffs" ("Id", "ItemId", "BuffId", "Value") VALUES (158, 11, 1, '5.0');
INSERT INTO "ItemBuffs" ("Id", "ItemId", "BuffId", "Value") VALUES (159, 12, 5, '25.0');
INSERT INTO "ItemBuffs" ("Id", "ItemId", "BuffId", "Value") VALUES (160, 12, 3, '5.0');
INSERT INTO "ItemBuffs" ("Id", "ItemId", "BuffId", "Value") VALUES (161, 12, 2, '10.0');
INSERT INTO "ItemBuffs" ("Id", "ItemId", "BuffId", "Value") VALUES (162, 13, 1, '10.0');
INSERT INTO "ItemBuffs" ("Id", "ItemId", "BuffId", "Value") VALUES (163, 13, 8, '5.0');
INSERT INTO "ItemBuffs" ("Id", "ItemId", "BuffId", "Value") VALUES (164, 14, 1, '15.0');
INSERT INTO "ItemBuffs" ("Id", "ItemId", "BuffId", "Value") VALUES (165, 15, 7, '25.0');
INSERT INTO "ItemBuffs" ("Id", "ItemId", "BuffId", "Value") VALUES (166, 15, 3, '10.0');
INSERT INTO "ItemBuffs" ("Id", "ItemId", "BuffId", "Value") VALUES (167, 16, 1, '15.0');
INSERT INTO "ItemBuffs" ("Id", "ItemId", "BuffId", "Value") VALUES (168, 17, 5, '25.0');
INSERT INTO "ItemBuffs" ("Id", "ItemId", "BuffId", "Value") VALUES (169, 17, 3, '10.0');
INSERT INTO "ItemBuffs" ("Id", "ItemId", "BuffId", "Value") VALUES (170, 17, 9, '50.0');
INSERT INTO "ItemBuffs" ("Id", "ItemId", "BuffId", "Value") VALUES (171, 18, 3, '10.0');
INSERT INTO "ItemBuffs" ("Id", "ItemId", "BuffId", "Value") VALUES (172, 19, 10, '25.0');
INSERT INTO "ItemBuffs" ("Id", "ItemId", "BuffId", "Value") VALUES (173, 19, 1, '10.0');
INSERT INTO "ItemBuffs" ("Id", "ItemId", "BuffId", "Value") VALUES (174, 20, 5, '25.0');
INSERT INTO "ItemBuffs" ("Id", "ItemId", "BuffId", "Value") VALUES (175, 20, 1, '15.0');
INSERT INTO "ItemBuffs" ("Id", "ItemId", "BuffId", "Value") VALUES (176, 21, 3, '10.0');
INSERT INTO "ItemBuffs" ("Id", "ItemId", "BuffId", "Value") VALUES (177, 21, 4, '40.0');
INSERT INTO "ItemBuffs" ("Id", "ItemId", "BuffId", "Value") VALUES (178, 22, 3, '20.0');
INSERT INTO "ItemBuffs" ("Id", "ItemId", "BuffId", "Value") VALUES (179, 23, 1, '10.0');
INSERT INTO "ItemBuffs" ("Id", "ItemId", "BuffId", "Value") VALUES (180, 24, 1, '10.0');
INSERT INTO "ItemBuffs" ("Id", "ItemId", "BuffId", "Value") VALUES (181, 24, 8, '10.0');
INSERT INTO "ItemBuffs" ("Id", "ItemId", "BuffId", "Value") VALUES (182, 25, 1, '20.0');
INSERT INTO "ItemBuffs" ("Id", "ItemId", "BuffId", "Value") VALUES (183, 25, 11, '10.0');
INSERT INTO "ItemBuffs" ("Id", "ItemId", "BuffId", "Value") VALUES (184, 26, 1, '25.0');
INSERT INTO "ItemBuffs" ("Id", "ItemId", "BuffId", "Value") VALUES (185, 28, 12, '10.0');
INSERT INTO "ItemBuffs" ("Id", "ItemId", "BuffId", "Value") VALUES (186, 29, 13, '10.0');
INSERT INTO "ItemBuffs" ("Id", "ItemId", "BuffId", "Value") VALUES (187, 30, 5, '25.0');
INSERT INTO "ItemBuffs" ("Id", "ItemId", "BuffId", "Value") VALUES (188, 31, 5, '10.0');
INSERT INTO "ItemBuffs" ("Id", "ItemId", "BuffId", "Value") VALUES (189, 31, 1, '5.0');
INSERT INTO "ItemBuffs" ("Id", "ItemId", "BuffId", "Value") VALUES (190, 31, 12, '10.0');
INSERT INTO "ItemBuffs" ("Id", "ItemId", "BuffId", "Value") VALUES (191, 32, 5, '25.0');
INSERT INTO "ItemBuffs" ("Id", "ItemId", "BuffId", "Value") VALUES (192, 32, 12, '5.0');
INSERT INTO "ItemBuffs" ("Id", "ItemId", "BuffId", "Value") VALUES (193, 33, 5, '10.0');
INSERT INTO "ItemBuffs" ("Id", "ItemId", "BuffId", "Value") VALUES (194, 33, 12, '10.0');
INSERT INTO "ItemBuffs" ("Id", "ItemId", "BuffId", "Value") VALUES (195, 33, 13, '10.0');
INSERT INTO "ItemBuffs" ("Id", "ItemId", "BuffId", "Value") VALUES (196, 34, 5, '25.0');
INSERT INTO "ItemBuffs" ("Id", "ItemId", "BuffId", "Value") VALUES (197, 34, 14, '25.0');
INSERT INTO "ItemBuffs" ("Id", "ItemId", "BuffId", "Value") VALUES (198, 35, 13, '10.0');
INSERT INTO "ItemBuffs" ("Id", "ItemId", "BuffId", "Value") VALUES (199, 36, 5, '10.0');
INSERT INTO "ItemBuffs" ("Id", "ItemId", "BuffId", "Value") VALUES (200, 36, 12, '5.0');
INSERT INTO "ItemBuffs" ("Id", "ItemId", "BuffId", "Value") VALUES (201, 36, 3, '10.0');
INSERT INTO "ItemBuffs" ("Id", "ItemId", "BuffId", "Value") VALUES (202, 37, 12, '10.0');
INSERT INTO "ItemBuffs" ("Id", "ItemId", "BuffId", "Value") VALUES (203, 37, 8, '5.0');
INSERT INTO "ItemBuffs" ("Id", "ItemId", "BuffId", "Value") VALUES (204, 38, 7, '25.0');
INSERT INTO "ItemBuffs" ("Id", "ItemId", "BuffId", "Value") VALUES (205, 39, 12, '15.0');
INSERT INTO "ItemBuffs" ("Id", "ItemId", "BuffId", "Value") VALUES (206, 40, 5, '25.0');
INSERT INTO "ItemBuffs" ("Id", "ItemId", "BuffId", "Value") VALUES (207, 40, 12, '10.0');
INSERT INTO "ItemBuffs" ("Id", "ItemId", "BuffId", "Value") VALUES (208, 41, 5, '25.0');
INSERT INTO "ItemBuffs" ("Id", "ItemId", "BuffId", "Value") VALUES (209, 41, 12, '10.0');
INSERT INTO "ItemBuffs" ("Id", "ItemId", "BuffId", "Value") VALUES (210, 42, 12, '15.0');
INSERT INTO "ItemBuffs" ("Id", "ItemId", "BuffId", "Value") VALUES (211, 43, 10, '50.0');
INSERT INTO "ItemBuffs" ("Id", "ItemId", "BuffId", "Value") VALUES (212, 43, 12, '15.0');
INSERT INTO "ItemBuffs" ("Id", "ItemId", "BuffId", "Value") VALUES (213, 44, 5, '25.0');
INSERT INTO "ItemBuffs" ("Id", "ItemId", "BuffId", "Value") VALUES (214, 44, 1, '10.0');
INSERT INTO "ItemBuffs" ("Id", "ItemId", "BuffId", "Value") VALUES (215, 45, 12, '10.0');
INSERT INTO "ItemBuffs" ("Id", "ItemId", "BuffId", "Value") VALUES (216, 45, 8, '5.0');
INSERT INTO "ItemBuffs" ("Id", "ItemId", "BuffId", "Value") VALUES (217, 46, 12, '10.0');
INSERT INTO "ItemBuffs" ("Id", "ItemId", "BuffId", "Value") VALUES (218, 46, 3, '10.0');
INSERT INTO "ItemBuffs" ("Id", "ItemId", "BuffId", "Value") VALUES (219, 47, 12, '20.0');
INSERT INTO "ItemBuffs" ("Id", "ItemId", "BuffId", "Value") VALUES (220, 47, 8, '10.0');
INSERT INTO "ItemBuffs" ("Id", "ItemId", "BuffId", "Value") VALUES (221, 48, 5, '25.0');
INSERT INTO "ItemBuffs" ("Id", "ItemId", "BuffId", "Value") VALUES (222, 48, 12, '10.0');
INSERT INTO "ItemBuffs" ("Id", "ItemId", "BuffId", "Value") VALUES (223, 49, 12, '10.0');
INSERT INTO "ItemBuffs" ("Id", "ItemId", "BuffId", "Value") VALUES (224, 50, 12, '35.0');
INSERT INTO "ItemBuffs" ("Id", "ItemId", "BuffId", "Value") VALUES (225, 51, 5, '10.0');
INSERT INTO "ItemBuffs" ("Id", "ItemId", "BuffId", "Value") VALUES (226, 52, 5, '10.0');
INSERT INTO "ItemBuffs" ("Id", "ItemId", "BuffId", "Value") VALUES (227, 53, 5, '10.0');
INSERT INTO "ItemBuffs" ("Id", "ItemId", "BuffId", "Value") VALUES (228, 54, 5, '10.0');
INSERT INTO "ItemBuffs" ("Id", "ItemId", "BuffId", "Value") VALUES (229, 55, 5, '25.0');
INSERT INTO "ItemBuffs" ("Id", "ItemId", "BuffId", "Value") VALUES (230, 56, 10, '25.0');
INSERT INTO "ItemBuffs" ("Id", "ItemId", "BuffId", "Value") VALUES (231, 57, 7, '25.0');
INSERT INTO "ItemBuffs" ("Id", "ItemId", "BuffId", "Value") VALUES (232, 58, 5, '10.0');
INSERT INTO "ItemBuffs" ("Id", "ItemId", "BuffId", "Value") VALUES (233, 59, 5, '25.0');
INSERT INTO "ItemBuffs" ("Id", "ItemId", "BuffId", "Value") VALUES (234, 60, 7, '25.0');
INSERT INTO "ItemBuffs" ("Id", "ItemId", "BuffId", "Value") VALUES (235, 60, 15, '-40.0');
INSERT INTO "ItemBuffs" ("Id", "ItemId", "BuffId", "Value") VALUES (236, 61, 7, '25.0');
INSERT INTO "ItemBuffs" ("Id", "ItemId", "BuffId", "Value") VALUES (237, 61, 6, '5.0');
INSERT INTO "ItemBuffs" ("Id", "ItemId", "BuffId", "Value") VALUES (238, 62, 7, '25.0');
INSERT INTO "ItemBuffs" ("Id", "ItemId", "BuffId", "Value") VALUES (239, 63, 7, '25.0');
INSERT INTO "ItemBuffs" ("Id", "ItemId", "BuffId", "Value") VALUES (240, 64, 5, '25.0');
INSERT INTO "ItemBuffs" ("Id", "ItemId", "BuffId", "Value") VALUES (241, 65, 5, '10.0');
INSERT INTO "ItemBuffs" ("Id", "ItemId", "BuffId", "Value") VALUES (242, 65, 8, '5.0');
INSERT INTO "ItemBuffs" ("Id", "ItemId", "BuffId", "Value") VALUES (243, 66, 10, '10.0');
INSERT INTO "ItemBuffs" ("Id", "ItemId", "BuffId", "Value") VALUES (244, 67, 10, '25.0');
INSERT INTO "ItemBuffs" ("Id", "ItemId", "BuffId", "Value") VALUES (245, 68, 16, '8.0');
INSERT INTO "ItemBuffs" ("Id", "ItemId", "BuffId", "Value") VALUES (246, 69, 5, '25.0');
INSERT INTO "ItemBuffs" ("Id", "ItemId", "BuffId", "Value") VALUES (247, 70, 7, '50.0');
INSERT INTO "ItemBuffs" ("Id", "ItemId", "BuffId", "Value") VALUES (248, 71, 7, '25.0');
INSERT INTO "ItemBuffs" ("Id", "ItemId", "BuffId", "Value") VALUES (249, 71, 1, '10.0');
INSERT INTO "ItemBuffs" ("Id", "ItemId", "BuffId", "Value") VALUES (250, 72, 10, '50.0');
INSERT INTO "ItemBuffs" ("Id", "ItemId", "BuffId", "Value") VALUES (251, 72, 17, '15.0');
INSERT INTO "ItemBuffs" ("Id", "ItemId", "BuffId", "Value") VALUES (252, 73, 5, '25.0');
INSERT INTO "ItemBuffs" ("Id", "ItemId", "BuffId", "Value") VALUES (253, 73, 8, '5.0');
INSERT INTO "ItemBuffs" ("Id", "ItemId", "BuffId", "Value") VALUES (254, 74, 1, '10.0');
INSERT INTO "ItemBuffs" ("Id", "ItemId", "BuffId", "Value") VALUES (255, 74, 12, '10.0');
INSERT INTO "ItemBuffs" ("Id", "ItemId", "BuffId", "Value") VALUES (256, 74, 2, '15.0');
INSERT INTO "ItemBuffs" ("Id", "ItemId", "BuffId", "Value") VALUES (257, 74, 13, '15.0');
INSERT INTO "ItemBuffs" ("Id", "ItemId", "BuffId", "Value") VALUES (258, 75, 16, '15.0');
INSERT INTO "ItemBuffs" ("Id", "ItemId", "BuffId", "Value") VALUES (259, 76, 7, '50.0');
INSERT INTO "ItemBuffs" ("Id", "ItemId", "BuffId", "Value") VALUES (260, 77, 5, '50.0');
INSERT INTO "ItemBuffs" ("Id", "ItemId", "BuffId", "Value") VALUES (261, 77, 1, '5.0');
INSERT INTO "ItemBuffs" ("Id", "ItemId", "BuffId", "Value") VALUES (262, 78, 10, '50.0');
INSERT INTO "ItemBuffs" ("Id", "ItemId", "BuffId", "Value") VALUES (263, 79, 5, '25.0');
INSERT INTO "ItemBuffs" ("Id", "ItemId", "BuffId", "Value") VALUES (264, 80, 5, '25.0');
INSERT INTO "ItemBuffs" ("Id", "ItemId", "BuffId", "Value") VALUES (265, 81, 5, '25.0');
INSERT INTO "ItemBuffs" ("Id", "ItemId", "BuffId", "Value") VALUES (266, 82, 5, '25.0');
INSERT INTO "ItemBuffs" ("Id", "ItemId", "BuffId", "Value") VALUES (267, 83, 5, '25.0');
INSERT INTO "ItemBuffs" ("Id", "ItemId", "BuffId", "Value") VALUES (268, 84, 5, '25.0');
INSERT INTO "ItemBuffs" ("Id", "ItemId", "BuffId", "Value") VALUES (269, 84, 6, '5.0');
INSERT INTO "ItemBuffs" ("Id", "ItemId", "BuffId", "Value") VALUES (270, 85, 10, '25.0');
INSERT INTO "ItemBuffs" ("Id", "ItemId", "BuffId", "Value") VALUES (271, 85, 1, '5.0');
INSERT INTO "ItemBuffs" ("Id", "ItemId", "BuffId", "Value") VALUES (272, 86, 7, '25.0');
INSERT INTO "ItemBuffs" ("Id", "ItemId", "BuffId", "Value") VALUES (273, 86, 8, '5.0');
INSERT INTO "ItemBuffs" ("Id", "ItemId", "BuffId", "Value") VALUES (274, 87, 7, '50.0');
INSERT INTO "ItemBuffs" ("Id", "ItemId", "BuffId", "Value") VALUES (275, 87, 18, '-40.0');
INSERT INTO "ItemBuffs" ("Id", "ItemId", "BuffId", "Value") VALUES (276, 88, 5, '25.0');
INSERT INTO "ItemBuffs" ("Id", "ItemId", "BuffId", "Value") VALUES (277, 88, 1, '10.0');
INSERT INTO "ItemBuffs" ("Id", "ItemId", "BuffId", "Value") VALUES (278, 88, 12, '10.0');
INSERT INTO "ItemBuffs" ("Id", "ItemId", "BuffId", "Value") VALUES (279, 89, 10, '50.0');
INSERT INTO "ItemBuffs" ("Id", "ItemId", "BuffId", "Value") VALUES (280, 89, 8, '5.0');
INSERT INTO "ItemBuffs" ("Id", "ItemId", "BuffId", "Value") VALUES (281, 90, 5, '25.0');
INSERT INTO "ItemBuffs" ("Id", "ItemId", "BuffId", "Value") VALUES (282, 90, 3, '10.0');
INSERT INTO "ItemBuffs" ("Id", "ItemId", "BuffId", "Value") VALUES (283, 90, 2, '10.0');
INSERT INTO "ItemBuffs" ("Id", "ItemId", "BuffId", "Value") VALUES (284, 91, 16, '10.0');
INSERT INTO "ItemBuffs" ("Id", "ItemId", "BuffId", "Value") VALUES (285, 91, 19, '40.0');
INSERT INTO "ItemBuffs" ("Id", "ItemId", "BuffId", "Value") VALUES (286, 91, 20, '40.0');
INSERT INTO "ItemBuffs" ("Id", "ItemId", "BuffId", "Value") VALUES (287, 92, 5, '25.0');
INSERT INTO "ItemBuffs" ("Id", "ItemId", "BuffId", "Value") VALUES (288, 93, 6, '5.0');

-- SQL Server: Disable Identity Insert
/*
SET IDENTITY_INSERT "Heroes" OFF;
SET IDENTITY_INSERT "Items" OFF;
SET IDENTITY_INSERT "HeroExclusives" OFF;
SET IDENTITY_INSERT "Buffs" OFF;
SET IDENTITY_INSERT "ItemBuffs" OFF;
*/

-- MySQL: Restore SQL Mode
/*!40101 SET SQL_MODE=@OLD_SQL_MODE */;
